track_id,sensor_id,timestamp,x,y
72,0,1.3,267.733,168.678
72,0,1.35,267.722,168.73
72,0,1.4,267.711,168.781
72,0,1.45,267.7,168.829
72,0,1.5,267.689,168.883
72,0,1.55,267.676,168.945
72,0,1.6,267.662,169.009
72,0,1.65,267.649,169.073
72,0,1.7,267.636,169.135
72,0,1.75,267.624,169.187
72,0,1.8,267.611,169.25
72,0,1.85,267.598,169.312
72,0,1.9,267.582,169.388
72,0,1.95,267.567,169.456
72,0,2,267.553,169.525
72,0,2.05,267.54,169.583
72,0,2.1,267.527,169.646
72,0,2.15,267.514,169.705
72,0,2.2,267.502,169.764
72,0,2.25,267.489,169.824
72,0,2.3,267.476,169.884
72,0,2.35,267.463,169.945
72,0,2.4,267.449,170.012
72,0,2.45,267.435,170.077
72,0,2.5,267.423,170.136
72,0,2.55,267.41,170.196
72,0,2.6,267.398,170.253
72,0,2.65,267.387,170.306
72,0,2.7,267.376,170.358
72,0,2.75,267.363,170.417
72,0,2.8,267.352,170.471
72,0,2.85,267.34,170.527
72,0,2.9,267.329,170.579
72,0,2.95,267.318,170.631
72,0,3,267.307,170.682
72,0,3.05,267.297,170.73
72,0,3.1,267.286,170.78
72,0,3.15,267.276,170.829
72,0,3.2,267.269,170.861
72,0,3.25,267.258,170.91
72,0,3.3,267.246,170.967
72,0,3.35,267.234,171.022
72,0,3.4,267.222,171.082
72,0,3.45,267.21,171.139
72,0,3.5,267.198,171.195
72,0,3.55,267.186,171.248
72,0,3.6,267.175,171.3
72,0,3.65,267.163,171.356
72,0,3.7,267.153,171.406
72,0,3.75,267.141,171.462
72,0,3.8,267.128,171.521
72,0,3.85,267.117,171.574
72,0,3.9,267.102,171.646
72,0,3.95,267.088,171.712
72,0,4,267.072,171.786
72,0,4.05,267.059,171.846
72,0,4.1,267.044,171.916
72,0,4.15,267.032,171.974
72,0,4.2,267.021,172.027
72,0,4.25,267.01,172.079
72,0,4.3,266.998,172.134
72,0,4.35,266.987,172.188
72,0,4.4,266.975,172.24
72,0,4.45,266.967,172.282
72,0,4.5,266.96,172.313
72,0,4.55,266.948,172.369
72,0,4.6,266.936,172.428
72,0,4.65,266.924,172.481
72,0,4.7,266.911,172.541
72,0,4.75,266.899,172.598
72,0,4.8,266.889,172.648
72,0,4.85,266.875,172.713
72,0,4.9,266.863,172.771
72,0,4.95,266.85,172.83
72,0,5,266.838,172.885
72,0,5.05,266.826,172.942
72,0,5.1,266.814,172.999
72,0,5.15,266.803,173.05
72,0,5.2,266.793,173.101
72,0,5.25,266.782,173.153
72,0,5.3,266.771,173.203
72,0,5.35,266.76,173.254
72,0,5.4,266.749,173.303
72,0,5.45,266.741,173.343
72,0,5.5,266.735,173.371
72,1,5.55,267.328,173.708
72,1,5.6,267.272,173.756
72,1,5.65,267.231,173.792
72,1,5.7,267.195,173.822
72,1,5.75,267.115,173.893
72,1,5.8,267.06,173.94
72,1,5.85,267.014,173.98
72,1,5.9,266.977,174.012
72,1,5.95,266.943,174.041
72,1,6,266.915,174.066
72,1,6.05,266.89,174.088
72,1,6.1,266.863,174.111
72,1,6.15,266.846,174.126
72,1,6.2,266.888,174.09
72,2,6.35,267.105,174.602
72,2,6.4,266.948,174.624
72,2,6.45,266.911,174.63
72,2,6.5,266.895,174.632
72,2,6.55,266.886,174.633
72,2,6.6,266.887,174.633
72,2,6.65,266.937,174.626
72,2,6.7,267.17,174.593
72,3,6.75,267.072,175.073
72,3,6.8,266.894,175.048
72,3,6.85,266.886,175.047
72,3,6.9,266.888,175.047
72,3,6.95,266.902,175.049
72,3,7,266.926,175.052
72,3,7.05,267.002,175.063
72,3,7.1,267.144,175.083
72,4,7.25,266.84,175.549
72,4,7.3,266.848,175.556
72,4,7.35,266.866,175.572
72,4,7.4,266.891,175.593
72,4,7.45,266.917,175.616
72,4,7.5,266.946,175.641
72,4,7.55,266.98,175.671
72,4,7.6,267.018,175.703
72,4,7.65,267.073,175.751
72,4,7.7,267.147,175.816
72,4,7.75,267.179,175.843
72,4,7.8,267.224,175.883
72,4,7.85,267.296,175.945
72,5,7.9,266.722,176.248
72,5,7.95,266.729,176.28
72,5,8,266.739,176.328
72,5,8.05,266.751,176.385
72,5,8.1,266.761,176.432
72,5,8.15,266.772,176.483
72,5,8.2,266.782,176.53
72,5,8.25,266.794,176.584
72,5,8.3,266.804,176.635
72,5,8.35,266.815,176.684
72,5,8.4,266.827,176.742
72,5,8.45,266.84,176.803
72,5,8.5,266.852,176.86
72,5,8.55,266.863,176.91
72,5,8.6,266.874,176.962
72,5,8.65,266.887,177.024
72,5,8.7,266.899,177.081
72,5,8.75,266.91,177.133
72,5,8.8,266.921,177.183
72,5,8.85,266.933,177.238
72,5,8.9,266.945,177.297
72,5,8.95,266.956,177.348
72,5,9,266.967,177.401
72,5,9.05,266.98,177.459
72,5,9.1,266.991,177.513
72,5,9.15,267,177.555
72,5,9.2,267.009,177.599
72,5,9.25,267.019,177.644
72,5,9.3,267.03,177.694
72,5,9.35,267.042,177.751
72,5,9.4,267.052,177.801
72,5,9.45,267.065,177.861
72,5,9.5,267.074,177.905
72,5,9.55,267.085,177.954
72,5,9.6,267.095,178.002
72,5,9.65,267.107,178.059
72,5,9.7,267.118,178.11
72,5,9.75,267.13,178.166
72,5,9.8,267.142,178.222
72,5,9.85,267.155,178.284
72,5,9.9,267.167,178.343
72,5,9.95,267.181,178.408
72,5,10,267.195,178.475
72,5,10.05,267.208,178.532
72,5,10.1,267.221,178.594
72,5,10.15,267.234,178.655
72,5,10.2,267.248,178.724
72,5,10.25,267.261,178.783
72,5,10.3,267.272,178.834
72,5,10.35,267.283,178.886
72,5,10.4,267.296,178.946
72,5,10.45,267.307,178.998
72,5,10.5,267.319,179.055
72,5,10.55,267.329,179.104
72,5,10.6,267.339,179.148
72,5,10.65,267.349,179.197
72,5,10.7,267.36,179.247
72,5,10.75,267.371,179.3
72,5,10.8,267.382,179.354
72,5,10.85,267.393,179.404
72,5,10.9,267.403,179.449
72,5,10.95,267.39,179.39
72,5,11,267.378,179.336
72,5,11.05,267.366,179.276
72,5,11.1,267.353,179.217
72,5,11.15,267.343,179.167
72,5,11.2,267.327,179.092
10,0,11.2,267.734,168.672
72,5,11.25,267.311,179.017
10,0,11.25,267.723,168.725
72,5,11.3,267.298,178.956
10,0,11.3,267.709,168.788
72,5,11.35,267.285,178.896
10,0,11.35,267.698,168.842
72,5,11.4,267.272,178.836
10,0,11.4,267.685,168.902
72,5,11.45,267.26,178.777
10,0,11.45,267.672,168.965
72,5,11.5,267.246,178.712
10,0,11.5,267.659,169.026
72,5,11.55,267.235,178.66
10,0,11.55,267.645,169.089
72,5,11.6,267.22,178.592
10,0,11.6,267.633,169.148
72,5,11.65,267.206,178.525
10,0,11.65,267.619,169.215
10,5,11.7,267.194,178.466
174,5,11.7,267.194,178.466
10,0,11.75,267.593,169.336
174,5,11.75,267.182,178.41
10,0,11.8,267.578,169.405
174,5,11.8,267.169,178.349
10,0,11.85,267.564,169.473
174,5,11.85,267.154,178.279
10,0,11.9,267.55,169.538
174,5,11.9,267.141,178.217
10,0,11.95,267.535,169.607
174,5,11.95,267.129,178.164
10,0,12,267.523,169.667
174,5,12,267.118,178.11
10,0,12.05,267.508,169.735
174,5,12.05,267.104,178.042
10,0,12.1,267.493,169.807
174,5,12.1,267.091,177.982
10,0,12.15,267.479,169.873
174,5,12.15,267.075,177.91
10,0,12.2,267.466,169.935
174,5,12.2,267.063,177.853
10,0,12.25,267.451,170.002
174,5,12.25,267.052,177.798
10,0,12.3,267.437,170.071
174,5,12.3,267.041,177.748
10,0,12.35,267.424,170.129
174,5,12.35,267.025,177.672
10,0,12.4,267.412,170.186
174,5,12.4,267.011,177.606
10,0,12.45,267.398,170.253
174,5,12.45,266.999,177.551
10,0,12.5,267.383,170.323
174,5,12.5,266.992,177.516
10,0,12.55,267.369,170.39
174,5,12.55,266.974,177.434
10,0,12.6,267.356,170.45
174,5,12.6,266.962,177.378
10,0,12.65,267.343,170.513
174,4,12.65,268.211,176.741
10,0,12.7,267.331,170.567
174,4,12.7,268.174,176.708
10,0,12.75,267.318,170.631
174,4,12.75,268.144,176.682
10,0,12.8,267.305,170.688
174,4,12.8,268.066,176.615
10,0,12.85,267.293,170.747
174,4,12.85,268.012,176.567
10,0,12.9,267.281,170.803
174,4,12.9,267.968,176.529
10,0,12.95,267.271,170.848
174,4,12.95,267.905,176.474
10,0,13,267.265,170.879
174,4,13,267.828,176.407
10,0,13.05,267.251,170.943
174,4,13.05,267.779,176.365
10,0,13.1,267.238,171.005
174,4,13.1,267.746,176.337
10,0,13.15,267.224,171.071
174,4,13.15,267.703,176.299
10,0,13.2,267.212,171.129
174,4,13.2,267.669,176.269
10,0,13.25,267.198,171.195
174,4,13.25,267.623,176.229
10,0,13.3,267.184,171.258
174,4,13.3,267.591,176.201
10,0,13.35,267.172,171.314
174,4,13.35,267.56,176.175
10,0,13.4,267.161,171.37
174,4,13.4,267.522,176.142
10,0,13.45,267.147,171.431
174,4,13.45,267.491,176.114
10,0,13.5,267.135,171.489
174,4,13.5,267.463,176.091
10,0,13.55,267.122,171.552
174,4,13.55,267.437,176.068
10,0,13.6,267.106,171.626
174,4,13.6,267.41,176.044
10,0,13.65,267.091,171.695
174,4,13.65,267.387,176.024
10,0,13.7,267.076,171.767
174,4,13.7,267.365,176.005
10,0,13.75,267.061,171.837
174,4,13.75,267.371,176.01
10,0,13.8,267.047,171.905
10,0,13.85,267.031,171.977
10,0,13.9,267.018,172.04
10,0,13.95,267.006,172.095
174,3,13.95,267.761,175.17
10,0,14,266.994,172.154
174,3,14,267.6,175.147
10,0,14.05,266.982,172.209
174,3,14.05,267.559,175.141
10,0,14.1,266.972,172.256
174,3,14.1,267.542,175.139
10,0,14.15,266.965,172.288
174,3,14.15,267.529,175.137
10,0,14.2,266.953,172.346
174,3,14.2,267.513,175.135
10,0,14.25,266.939,172.411
174,3,14.25,267.505,175.134
10,0,14.3,266.924,172.481
174,3,14.3,267.504,175.134
10,0,14.35,266.911,172.542
174,3,14.35,267.505,175.134
10,0,14.4,266.898,172.605
174,3,14.4,267.509,175.134
10,2,14.45,267.568,174.537
174,3,14.45,267.54,175.139
102,3,14.45,267.54,175.139
10,0,14.5,266.873,172.721
174,2,14.5,267.508,174.546
10,0,14.55,266.86,172.783
174,2,14.55,267.502,174.547
10,0,14.6,266.849,172.837
174,2,14.6,267.503,174.546
10,0,14.65,266.837,172.894
174,2,14.65,267.508,174.546
10,0,14.7,266.822,172.962
174,2,14.7,267.519,174.544
10,0,14.75,266.81,173.017
174,2,14.75,267.529,174.543
10,0,14.8,266.798,173.074
174,2,14.8,267.543,174.541
10,0,14.85,266.785,173.138
174,2,14.85,267.564,174.538
10,0,14.9,266.773,173.193
174,2,14.9,267.585,174.535
10,0,14.95,266.76,173.253
174,2,14.95,267.642,174.527
10,0,15,266.749,173.305
174,2,15,267.805,174.504
10,0,15.05,266.74,173.346
174,0,15.1,266.735,173.372
174,1,15.15,267.32,173.714
174,1,15.2,267.261,173.765
174,1,15.25,267.223,173.799
174,1,15.3,267.18,173.835
174,1,15.35,267.076,173.926
174,1,15.4,267.027,173.969
174,1,15.45,266.984,174.006
174,1,15.5,266.948,174.038
174,1,15.55,266.913,174.068
174,1,15.6,266.887,174.091
174,1,15.65,266.862,174.112
174,1,15.7,266.845,174.127
174,1,15.75,266.907,174.073
174,1,15.8,267.755,173.336
174,1,15.85,267.799,173.298
10,1,15.9,267.843,173.259
174,2,15.9,267.1,174.603
10,1,15.95,267.885,173.223
174,2,15.95,266.941,174.625
10,1,16,267.931,173.183
174,2,16,266.905,174.63
10,1,16.05,267.988,173.134
174,2,16.05,266.889,174.633
10,1,16.1,268.038,173.09
174,2,16.1,266.885,174.633
10,1,16.15,268.09,173.045
174,2,16.15,266.907,174.63
10,1,16.2,268.155,172.989
174,2,16.2,267.096,174.604
223,1,16.25,268.257,172.899
223,3,16.3,266.898,175.049
223,3,16.35,266.885,175.047
185,0,16.35,266.992,172.163
223,3,16.4,266.89,175.047
185,0,16.4,266.998,172.134
223,3,16.45,266.906,175.05
185,0,16.45,267.009,172.081
223,3,16.5,266.949,175.056
185,0,16.5,267.024,172.012
223,3,16.55,267.102,175.077
185,0,16.55,267.04,171.937
185,0,16.6,267.05,171.888
185,0,16.65,267.062,171.834
223,4,16.7,266.843,175.551
185,0,16.7,267.074,171.778
223,4,16.75,266.846,175.554
185,0,16.75,267.086,171.72
223,4,16.8,266.869,175.574
185,0,16.8,267.094,171.682
223,4,16.85,266.898,175.599
185,0,16.85,267.104,171.638
223,4,16.9,266.926,175.623
185,0,16.9,267.114,171.588
223,4,16.95,266.962,175.654
185,0,16.95,267.128,171.523
223,4,17,267.003,175.69
185,0,17,267.141,171.462
223,4,17.05,267.063,175.742
185,0,17.05,267.156,171.392
223,4,17.1,267.143,175.812
185,0,17.1,267.168,171.332
223,4,17.15,267.177,175.841
185,0,17.15,267.181,171.272
223,4,17.2,267.226,175.884
185,0,17.2,267.194,171.213
223,4,17.25,267.301,175.949
185,0,17.25,267.209,171.143
223,5,17.3,266.724,176.255
185,0,17.3,267.223,171.075
223,5,17.35,266.733,176.298
185,0,17.35,267.238,171.004
223,5,17.4,266.745,176.354
185,0,17.4,267.25,170.949
223,5,17.45,266.756,176.408
185,0,17.45,267.263,170.888
223,5,17.5,266.769,176.47
185,0,17.5,267.275,170.832
223,5,17.55,266.78,176.522
185,0,17.55,267.287,170.777
223,5,17.6,266.793,176.581
185,0,17.6,267.301,170.709
223,5,17.65,266.805,176.639
185,0,17.65,267.314,170.647
223,5,17.7,266.817,176.695
185,0,17.7,267.328,170.583
223,5,17.75,266.831,176.761
185,0,17.75,267.34,170.523
223,5,17.8,266.843,176.819
185,0,17.8,267.351,170.475
223,5,17.85,266.856,176.879
185,0,17.85,267.364,170.414
223,5,17.9,266.87,176.943
185,0,17.9,267.378,170.346
223,5,17.95,266.884,177.008
185,0,17.95,267.389,170.297
223,5,18,266.898,177.075
185,0,18,267.4,170.243
223,5,18.05,266.909,177.129
185,0,18.05,267.412,170.187
223,5,18.1,266.922,177.187
185,0,18.1,267.424,170.132
223,5,18.15,266.934,177.246
185,0,18.15,267.436,170.075
223,5,18.2,266.947,177.307
185,0,18.2,267.448,170.017
223,5,18.25,266.959,177.362
185,0,18.25,267.461,169.958
223,5,18.3,266.972,177.425
185,0,18.3,267.475,169.889
223,5,18.35,266.985,177.486
185,0,18.35,267.489,169.825
223,5,18.4,266.996,177.539
185,0,18.4,267.503,169.759
223,5,18.45,267.008,177.593
185,0,18.45,267.518,169.686
223,5,18.5,267.019,177.645
185,0,18.5,267.534,169.614
223,5,18.55,267.031,177.701
185,0,18.55,267.545,169.56
223,5,18.6,267.042,177.752
185,0,18.6,267.556,169.509
223,5,18.65,267.054,177.809
185,0,18.65,267.569,169.449
223,5,18.7,267.066,177.863
185,0,18.7,267.581,169.394
223,5,18.75,267.076,177.913
185,0,18.75,267.591,169.343
223,5,18.8,267.087,177.963
185,0,18.8,267.604,169.281
223,5,18.85,267.099,178.023
185,0,18.85,267.616,169.225
223,5,18.9,267.111,178.079
185,0,18.9,267.629,169.166
223,5,18.95,267.124,178.14
185,0,18.95,267.641,169.108
223,5,19,267.138,178.206
185,0,19,267.656,169.04
223,5,19.05,267.151,178.263
185,0,19.05,267.669,168.979
223,5,19.1,267.165,178.332
185,0,19.1,267.684,168.906
223,5,19.15,267.18,178.401
185,0,19.15,267.698,168.841
223,5,19.2,267.193,178.461
185,0,19.2,267.713,168.773
223,5,19.25,267.206,178.525
185,0,19.25,267.729,168.693
223,5,19.3,267.219,178.587
223,5,19.35,267.233,178.651
223,5,19.4,267.246,178.713
223,5,19.45,267.261,178.784
223,5,19.5,267.274,178.845
223,5,19.55,267.288,178.91
223,5,19.6,267.3,178.969
223,5,19.65,267.315,179.035
223,5,19.7,267.328,179.097
223,5,19.75,267.338,179.146
223,5,19.8,267.349,179.199
223,5,19.85,267.36,179.248
223,5,19.9,267.371,179.302
223,5,19.95,267.383,179.359
223,5,20,267.396,179.417
223,5,20.05,267.408,179.476
223,5,20.1,267.42,179.532
223,5,20.15,267.434,179.597
223,5,20.2,267.447,179.658
223,5,20.25,267.461,179.725
223,5,20.3,267.474,179.784
223,5,20.35,267.486,179.843
223,5,20.4,267.501,179.912
223,5,20.45,267.514,179.971
223,5,20.5,267.526,180.029
223,5,20.55,267.538,180.086
223,5,20.6,267.553,180.156
223,5,20.65,267.566,180.216
223,5,20.7,267.58,180.282
223,5,20.75,267.594,180.348
223,5,20.8,267.608,180.415
223,5,20.85,267.621,180.475
223,5,20.9,267.635,180.543
223,5,20.95,267.651,180.618
223,5,21,267.666,180.688
223,5,21.05,267.682,180.764
223,5,21.1,267.698,180.838
223,5,21.15,267.71,180.894
16,0,21.15,267.733,168.676
223,5,21.2,267.722,180.951
16,0,21.2,267.721,168.734
223,5,21.25,267.734,181.006
16,0,21.25,267.708,168.796
16,0,21.3,267.694,168.858
16,0,21.35,267.681,168.919
16,0,21.4,267.666,168.992
223,5,21.45,267.737,181.021
16,0,21.45,267.652,169.057
223,5,21.5,267.723,180.955
16,0,21.5,267.638,169.122
223,5,21.55,267.711,180.902
16,0,21.55,267.624,169.191
223,5,21.6,267.698,180.841
16,0,21.6,267.609,169.258
223,5,21.65,267.686,180.784
16,0,21.65,267.594,169.332
223,5,21.7,267.674,180.726
16,0,21.7,267.576,169.414
223,5,21.75,267.662,180.668
16,0,21.75,267.561,169.488
223,5,21.8,267.651,180.616
16,0,21.8,267.544,169.564
223,5,21.85,267.639,180.56
16,0,21.85,267.529,169.636
223,5,21.9,267.626,180.502
16,0,21.9,267.516,169.699
223,5,21.95,267.616,180.454
16,0,21.95,267.502,169.765
223,5,22,267.607,180.409
16,0,22,267.488,169.828
223,5,22.05,267.595,180.356
16,0,22.05,267.475,169.891
223,5,22.1,267.584,180.303
16,0,22.1,267.46,169.96
223,5,22.15,267.572,180.246
16,0,22.15,267.445,170.032
16,5,22.2,267.561,180.195
186,5,22.2,267.561,180.195
16,0,22.25,267.414,170.179
186,5,22.25,267.551,180.145
16,0,22.3,267.398,170.252
186,5,22.3,267.541,180.101
16,0,22.35,267.382,170.326
186,5,22.35,267.531,180.052
16,0,22.4,267.37,170.386
186,5,22.4,267.52,180.004
16,0,22.45,267.356,170.452
186,5,22.45,267.51,179.954
16,0,22.5,267.341,170.521
186,5,22.5,267.497,179.892
16,0,22.55,267.326,170.59
186,5,22.55,267.484,179.831
16,0,22.6,267.313,170.655
186,5,22.6,267.472,179.775
16,0,22.65,267.3,170.714
186,5,22.65,267.461,179.724
16,0,22.7,267.286,170.778
186,5,22.7,267.449,179.666
16,0,22.75,267.274,170.837
186,5,22.75,267.437,179.612
16,0,22.8,267.267,170.869
186,5,22.8,267.425,179.556
16,0,22.85,267.252,170.938
186,5,22.85,267.415,179.506
16,0,22.9,267.238,171.003
186,5,22.9,267.404,179.457
16,0,22.95,267.224,171.071
186,5,22.95,267.393,179.405
16,0,23,267.209,171.142
186,5,23,267.381,179.349
16,0,23.05,267.196,171.203
186,5,23.05,267.371,179.3
16,0,23.1,267.182,171.27
186,5,23.1,267.36,179.247
16,0,23.15,267.167,171.34
186,5,23.15,267.35,179.201
16,0,23.2,267.153,171.406
186,5,23.2,267.339,179.149
16,0,23.25,267.139,171.471
186,5,23.25,267.326,179.09
16,0,23.3,267.127,171.528
186,5,23.3,267.313,179.026
16,0,23.35,267.113,171.593
186,5,23.35,267.3,178.967
16,0,23.4,267.095,171.676
186,5,23.4,267.29,178.918
16,0,23.45,267.079,171.752
186,5,23.45,267.28,178.871
16,0,23.5,267.062,171.833
186,5,23.5,267.269,178.822
16,0,23.55,267.048,171.9
186,5,23.55,267.257,178.764
16,0,23.6,267.033,171.97
186,5,23.6,267.246,178.711
16,0,23.65,267.019,172.037
186,5,23.65,267.236,178.667
16,0,23.7,267.005,172.1
186,5,23.7,267.225,178.613
16,0,23.75,266.993,172.157
186,5,23.75,267.214,178.563
16,0,23.8,266.982,172.212
186,5,23.8,267.204,178.513
16,0,23.85,266.97,172.266
186,5,23.85,267.193,178.465
16,0,23.9,266.963,172.297
186,5,23.9,267.183,178.418
16,0,23.95,266.947,172.372
186,5,23.95,267.173,178.371
16,0,24,266.932,172.444
186,5,24,267.161,178.312
16,0,24.05,266.919,172.505
186,5,24.05,267.149,178.257
16,0,24.1,266.906,172.568
186,5,24.1,267.138,178.207
16,0,24.15,266.894,172.625
186,5,24.15,267.13,178.166
16,0,24.2,266.879,172.694
186,5,24.2,267.12,178.12
16,0,24.25,266.866,172.756
186,5,24.25,267.108,178.064
16,0,24.3,266.854,172.813
186,5,24.3,267.095,178
16,0,24.35,266.84,172.88
186,5,24.35,267.081,177.935
16,0,24.4,266.826,172.944
186,5,24.4,267.068,177.874
16,0,24.45,266.812,173.011
186,5,24.45,267.058,177.826
16,0,24.5,266.8,173.065
186,5,24.5,267.048,177.782
16,0,24.55,266.786,173.133
186,5,24.55,267.039,177.74
16,0,24.6,266.773,173.191
186,5,24.6,267.024,177.668
16,0,24.65,266.759,173.257
186,5,24.65,267.01,177.603
16,0,24.7,266.748,173.309
186,5,24.7,267,177.555
16,0,24.75,266.738,173.358
186,5,24.75,266.993,177.521
186,5,24.8,266.982,177.47
16,1,24.85,267.287,173.743
186,5,24.85,266.97,177.416
16,1,24.9,267.235,173.788
186,5,24.9,266.963,177.379
16,1,24.95,267.189,173.828
186,4,24.95,268.226,176.753
16,1,25,267.083,173.92
186,4,25,268.189,176.721
16,1,25.05,267.025,173.971
186,4,25.05,268.169,176.704
16,1,25.1,266.984,174.006
186,4,25.1,268.126,176.667
16,1,25.15,266.946,174.04
186,4,25.15,268.054,176.604
16,1,25.2,266.909,174.071
186,4,25.2,268.008,176.564
16,1,25.25,266.878,174.098
186,4,25.25,267.974,176.534
16,1,25.3,266.854,174.119
186,4,25.3,267.947,176.511
16,1,25.35,266.848,174.124
186,4,25.35,267.851,176.428
186,4,25.4,267.799,176.382
186,4,25.45,267.76,176.348
16,2,25.5,267.105,174.602
186,4,25.5,267.729,176.321
16,2,25.55,266.938,174.626
186,4,25.55,267.692,176.289
16,2,25.6,266.906,174.63
186,4,25.6,267.669,176.269
16,4,25.65,267.628,176.234
186,2,25.65,266.889,174.633
16,4,25.7,267.605,176.213
186,2,25.7,266.886,174.633
16,2,25.75,266.914,174.629
186,4,25.75,267.571,176.184
16,2,25.8,267.12,174.6
186,4,25.8,267.543,176.16
16,4,25.85,267.512,176.133
186,3,25.85,267.083,175.075
16,4,25.9,267.487,176.111
186,3,25.9,266.891,175.048
16,3,25.95,266.886,175.047
186,4,25.95,267.462,176.089
16,3,26,266.892,175.048
186,4,26,267.438,176.069
16,3,26.05,266.908,175.05
186,4,26.05,267.415,176.049
16,3,26.1,266.96,175.057
186,4,26.1,267.392,176.028
16,4,26.15,267.375,176.014
186,3,26.15,267.105,175.078
186,4,26.2,267.362,176.003
186,4,26.25,267.402,176.037
186,4,26.3,266.84,175.549
186,4,26.35,266.859,175.565
186,4,26.4,266.888,175.59
16,3,26.45,267.771,175.171
186,4,26.45,266.919,175.618
16,3,26.5,267.629,175.151
186,4,26.5,266.959,175.652
16,3,26.55,267.574,175.144
186,4,26.55,266.999,175.687
16,3,26.6,267.558,175.141
186,4,26.6,267.054,175.734
16,3,26.65,267.542,175.139
186,4,26.65,267.145,175.814
16,3,26.7,267.529,175.137
186,4,26.7,267.183,175.846
16,3,26.75,267.517,175.136
186,4,26.75,267.228,175.886
186,4,26.8,267.309,175.957
130,3,26.8,267.51,175.135
186,5,26.85,266.725,176.259
130,3,26.85,267.505,175.134
186,5,26.9,266.734,176.304
130,3,26.9,267.502,175.133
186,5,26.95,266.747,176.365
130,3,26.95,267.504,175.134
186,5,27,266.758,176.418
130,3,27,267.508,175.134
186,5,27.05,266.772,176.481
130,5,27.05,266.772,176.481
32,3,27.05,267.525,175.137
186,3,27.1,267.599,175.147
130,5,27.1,266.784,176.54
32,2,27.1,267.517,174.544
32,2,27.15,267.504,174.546
130,5,27.15,266.799,176.61
32,2,27.2,267.504,174.546
130,5,27.2,266.812,176.673
32,2,27.25,267.506,174.546
186,5,27.25,266.825,176.731
32,2,27.3,267.511,174.545
186,5,27.3,266.838,176.794
32,2,27.35,267.518,174.544
186,5,27.35,266.85,176.851
32,2,27.4,267.529,174.543
186,5,27.4,266.863,176.909
32,2,27.45,267.543,174.541
186,5,27.45,266.878,176.98
32,2,27.5,267.561,174.538
186,5,27.5,266.893,177.052
32,2,27.55,267.579,174.536
186,5,27.55,266.905,177.108
130,5,27.6,266.918,177.168
32,2,27.6,267.609,174.532
130,5,27.65,266.932,177.237
32,2,27.65,267.669,174.523
130,5,27.7,266.947,177.307
32,2,27.7,267.827,174.501
130,5,27.75,266.962,177.375
130,5,27.8,266.975,177.438
130,5,27.85,266.989,177.503
130,5,27.9,266.999,177.55
32,1,27.9,267.393,173.65
130,5,27.95,267.011,177.608
32,1,27.95,267.383,173.659
130,5,28,267.022,177.66
32,1,28,267.398,173.646
130,5,28.05,267.033,177.713
32,1,28.05,267.42,173.627
130,5,28.1,267.046,177.771
32,1,28.1,267.442,173.608
130,5,28.15,267.058,177.83
32,1,28.15,267.469,173.584
130,5,28.2,267.072,177.894
32,1,28.2,267.489,173.567
130,5,28.25,267.083,177.947
32,1,28.25,267.518,173.542
130,5,28.3,267.095,178
32,1,28.3,267.547,173.517
130,5,28.35,267.108,178.065
32,1,28.35,267.57,173.497
130,5,28.4,267.121,178.123
32,1,28.4,267.607,173.465
130,5,28.45,267.133,178.182
32,1,28.45,267.634,173.441
130,5,28.5,267.146,178.243
32,1,28.5,267.669,173.41
130,5,28.55,267.16,178.307
32,1,28.55,267.698,173.385
130,5,28.6,267.174,178.372
32,1,28.6,267.731,173.357
130,5,28.65,267.189,178.444
32,1,28.65,267.762,173.33
130,5,28.7,267.205,178.522
32,1,28.7,267.797,173.299
130,5,28.75,267.22,178.588
32,1,28.75,267.835,173.267
130,5,28.8,267.235,178.66
32,1,28.8,267.86,173.244
130,5,28.85,267.25,178.731
32,1,28.85,267.894,173.216
130,5,28.9,267.267,178.809
32,1,28.9,267.929,173.185
130,5,28.95,267.281,178.876
32,1,28.95,267.977,173.143
130,5,29,267.295,178.942
32,1,29,268.026,173.1
130,5,29.05,267.309,179.011
32,1,29.05,268.064,173.067
130,5,29.1,267.322,179.07
32,1,29.1,268.106,173.031
130,5,29.15,267.334,179.125
32,1,29.15,268.173,172.973
130,5,29.2,267.345,179.176
32,1,29.2,268.263,172.895
130,5,29.25,267.358,179.239
130,5,29.3,267.369,179.293
130,5,29.35,267.383,179.355
32,0,29.35,266.993,172.157
130,5,29.4,267.395,179.416
32,0,29.4,267,172.126
130,5,29.45,267.409,179.481
32,0,29.45,267.009,172.081
130,5,29.5,267.421,179.538
32,0,29.5,267.021,172.027
130,5,29.55,267.436,179.605
32,0,29.55,267.035,171.959
130,5,29.6,267.449,179.667
32,0,29.6,267.046,171.908
130,5,29.65,267.462,179.727
32,0,29.65,267.053,171.876
130,5,29.7,267.477,179.798
32,0,29.7,267.062,171.833
130,5,29.75,267.491,179.865
32,0,29.75,267.071,171.789
130,5,29.8,267.504,179.925
32,0,29.8,267.084,171.731
130,5,29.85,267.519,179.995
32,0,29.85,267.091,171.696
130,5,29.9,267.534,180.066
32,0,29.9,267.098,171.663
130,5,29.95,267.547,180.127
32,0,29.95,267.107,171.62
130,5,30,267.562,180.197
32,0,30,267.118,171.571
130,5,30.05,267.577,180.27
32,0,30.05,267.128,171.521
130,5,30.1,267.59,180.333
32,0,30.1,267.138,171.473
130,5,30.15,267.606,180.407
32,0,30.15,267.151,171.415
130,5,30.2,267.622,180.482
32,0,30.2,267.161,171.368
130,5,30.25,267.639,180.562
32,0,30.25,267.171,171.32
130,5,30.3,267.657,180.644
32,0,30.3,267.182,171.27
130,5,30.35,267.674,180.725
32,0,30.35,267.193,171.217
130,5,30.4,267.69,180.802
32,0,30.4,267.204,171.165
130,5,30.45,267.705,180.873
32,0,30.45,267.217,171.105
130,5,30.5,267.72,180.944
32,0,30.5,267.229,171.046
130,5,30.55,267.735,181.012
32,0,30.55,267.241,170.992
32,0,30.6,267.252,170.94
32,0,30.65,267.263,170.888
32,0,30.7,267.273,170.842
32,0,30.75,267.284,170.787
130,5,30.8,267.731,180.994
32,0,30.8,267.295,170.735
130,5,30.85,267.718,180.931
32,0,30.85,267.307,170.679
130,5,30.9,267.704,180.868
32,0,30.9,267.32,170.621
130,5,30.95,267.69,180.804
32,0,30.95,267.331,170.566
130,5,31,267.677,180.739
32,0,31,267.342,170.518
130,5,31.05,267.664,180.679
32,0,31.05,267.352,170.467
130,5,31.1,267.653,180.627
32,0,31.1,267.363,170.419
130,5,31.15,267.64,180.566
32,0,31.15,267.374,170.364
130,5,31.2,267.628,180.509
32,0,31.2,267.385,170.315
130,5,31.25,267.616,180.452
32,0,31.25,267.393,170.275
130,5,31.3,267.605,180.401
32,0,31.3,267.403,170.23
130,5,31.35,267.594,180.352
32,0,31.35,267.412,170.185
130,5,31.4,267.582,180.294
32,0,31.4,267.423,170.136
130,5,31.45,267.571,180.24
32,0,31.45,267.432,170.09
32,5,31.5,267.558,180.18
181,5,31.5,267.558,180.18
32,0,31.55,267.455,169.986
181,5,31.55,267.548,180.132
32,0,31.6,267.467,169.928
181,5,31.6,267.538,180.085
32,0,31.65,267.478,169.875
181,5,31.65,267.526,180.031
32,0,31.7,267.491,169.814
181,5,31.7,267.518,179.992
32,0,31.75,267.503,169.761
181,5,31.75,267.506,179.936
32,0,31.8,267.516,169.697
181,5,31.8,267.493,179.873
32,0,31.85,267.531,169.627
181,5,31.85,267.478,179.806
32,0,31.9,267.539,169.59
181,5,31.9,267.465,179.744
32,0,31.95,267.529,169.638
181,5,31.95,267.453,179.686
32,0,32,267.515,169.704
181,5,32,267.44,179.625
32,0,32.05,267.501,169.766
181,5,32.05,267.429,179.572
32,0,32.1,267.487,169.833
181,5,32.1,267.417,179.515
32,0,32.15,267.473,169.899
181,5,32.15,267.405,179.459
32,0,32.2,267.458,169.969
181,5,32.2,267.393,179.405
32,0,32.25,267.443,170.039
181,5,32.25,267.383,179.356
32,0,32.3,267.43,170.101
181,5,32.3,267.373,179.309
32,0,32.35,267.416,170.166
181,5,32.35,267.363,179.261
32,0,32.4,267.401,170.236
181,5,32.4,267.352,179.211
32,0,32.45,267.388,170.301
181,5,32.45,267.342,179.163
32,0,32.5,267.373,170.368
181,5,32.5,267.329,179.105
32,0,32.55,267.36,170.43
181,5,32.55,267.316,179.044
32,0,32.6,267.348,170.489
181,5,32.6,267.304,178.986
32,0,32.65,267.335,170.549
181,5,32.65,267.293,178.933
32,0,32.7,267.323,170.606
181,5,32.7,267.281,178.879
181,5,32.75,267.271,178.83
49,0,32.75,267.312,170.658
181,5,32.8,267.259,178.775
49,0,32.8,267.298,170.722
181,5,32.85,267.247,178.718
49,0,32.85,267.285,170.784
181,5,32.9,267.237,178.67
49,0,32.9,267.275,170.831
181,5,32.95,267.226,178.617
49,0,32.95,267.269,170.857
181,5,33,267.214,178.564
49,0,33,267.257,170.917
181,5,33.05,267.202,178.505
49,0,33.05,267.243,170.982
181,5,33.1,267.19,178.45
49,0,33.1,267.231,171.039
181,5,33.15,267.179,178.399
49,0,33.15,267.218,171.098
181,5,33.2,267.17,178.353
49,0,33.2,267.205,171.161
181,5,33.25,267.156,178.289
49,0,33.25,267.192,171.221
181,5,33.3,267.145,178.238
49,0,33.3,267.178,171.285
181,5,33.35,267.134,178.187
49,0,33.35,267.165,171.35
181,5,33.4,267.124,178.136
49,0,33.4,267.151,171.413
181,5,33.45,267.113,178.086
49,0,33.45,267.137,171.48
181,5,33.5,267.098,178.016
49,0,33.5,267.124,171.541
181,5,33.55,267.084,177.949
49,0,33.55,267.108,171.617
181,5,33.6,267.071,177.89
49,0,33.6,267.093,171.688
181,5,33.65,267.059,177.831
49,0,33.65,267.078,171.758
181,5,33.7,267.049,177.787
49,0,33.7,267.062,171.831
181,5,33.75,267.039,177.739
49,0,33.75,267.047,171.906
181,5,33.8,267.024,177.668
49,0,33.8,267.031,171.978
181,5,33.85,267.011,177.605
49,0,33.85,267.017,172.043
181,5,33.9,266.999,177.552
49,0,33.9,267.006,172.098
181,5,33.95,266.993,177.52
49,0,33.95,266.994,172.153
181,5,34,266.98,177.463
49,0,34,266.981,172.214
181,5,34.05,266.968,177.407
49,0,34.05,266.97,172.265
181,5,34.1,266.961,177.37
49,4,34.1,268.26,176.783
105,4,34.1,268.26,176.783
49,0,34.15,266.95,172.36
105,4,34.15,268.21,176.739
49,0,34.2,266.936,172.425
105,4,34.2,268.176,176.71
49,0,34.25,266.923,172.487
105,4,34.25,268.152,176.689
49,0,34.3,266.911,172.542
105,4,34.3,268.074,176.621
49,0,34.35,266.899,172.598
105,4,34.35,268.016,176.571
49,0,34.4,266.885,172.666
105,4,34.4,267.978,176.538
49,0,34.45,266.871,172.73
105,4,34.45,267.948,176.512
49,0,34.5,266.858,172.791
105,4,34.5,267.857,176.433
49,0,34.55,266.847,172.844
105,4,34.55,267.8,176.383
49,0,34.6,266.835,172.902
105,4,34.6,267.76,176.348
49,0,34.65,266.82,172.971
105,4,34.65,267.731,176.323
49,0,34.7,266.808,173.027
105,4,34.7,267.689,176.287
49,0,34.75,266.795,173.09
105,4,34.75,267.655,176.257
49,0,34.8,266.782,173.152
105,4,34.8,267.619,176.226
49,0,34.85,266.769,173.209
105,4,34.85,267.584,176.196
49,0,34.9,266.758,173.262
105,4,34.9,267.558,176.173
49,0,34.95,266.748,173.31
105,4,34.95,267.524,176.143
49,0,35,266.74,173.35
105,4,35,267.498,176.121
49,0,35.05,266.735,173.372
105,4,35.05,267.472,176.098
49,1,35.1,267.31,173.723
105,4,35.1,267.446,176.075
49,1,35.15,267.257,173.769
105,4,35.15,267.421,176.054
49,1,35.2,267.214,173.806
105,4,35.2,267.397,176.033
49,1,35.25,267.176,173.839
105,4,35.25,267.379,176.017
49,1,35.3,267.073,173.929
105,4,35.3,267.362,176.003
49,1,35.35,267.026,173.97
105,4,35.35,267.376,176.014
49,1,35.4,266.982,174.008
49,1,35.45,266.946,174.039
105,1,35.5,266.911,174.07
49,3,35.55,267.772,175.171
105,1,35.55,266.883,174.094
49,1,35.6,266.857,174.117
105,3,35.6,267.62,175.15
49,1,35.65,266.847,174.125
105,3,35.65,267.566,175.142
49,3,35.7,267.546,175.14
49,3,35.75,267.53,175.137
49,3,35.8,267.519,175.136
105,2,35.8,267.122,174.6
49,2,35.85,266.953,174.624
105,3,35.85,267.51,175.135
49,2,35.9,266.911,174.63
105,3,35.9,267.506,175.134
49,2,35.95,266.892,174.632
105,3,35.95,267.504,175.134
49,3,36,267.505,175.134
105,2,36,266.886,174.633
49,3,36.05,267.508,175.134
105,2,36.05,266.894,174.632
49,2,36.1,266.993,174.618
105,3,36.1,267.525,175.137
49,2,36.15,267.519,174.544
105,3,36.15,267.593,175.146
49,3,36.2,266.907,175.05
105,2,36.2,267.506,174.546
49,3,36.25,266.886,175.047
105,2,36.25,267.505,174.546
49,3,36.3,266.889,175.047
105,2,36.3,267.507,174.546
49,2,36.35,267.511,174.545
105,3,36.35,266.903,175.049
49,2,36.4,267.518,174.544
105,3,36.4,266.935,175.054
49,2,36.45,267.529,174.543
105,3,36.45,267.042,175.069
49,2,36.5,267.542,174.541
105,3,36.5,267.162,175.086
49,2,36.55,267.561,174.538
49,4,36.6,266.856,175.562
105,2,36.6,267.582,174.535
49,4,36.65,266.842,175.551
105,2,36.65,267.616,174.531
49,4,36.7,266.864,175.57
105,2,36.7,267.679,174.522
49,4,36.75,266.889,175.591
105,2,36.75,267.833,174.5
49,4,36.8,266.923,175.621
49,4,36.85,266.953,175.647
49,4,36.9,266.989,175.678
49,4,36.95,267.033,175.717
105,1,36.95,267.383,173.659
49,4,37,267.105,175.779
105,1,37,267.391,173.652
49,4,37.05,267.165,175.831
105,1,37.05,267.414,173.632
49,4,37.1,267.203,175.864
105,1,37.1,267.438,173.612
49,4,37.15,267.257,175.911
105,1,37.15,267.463,173.59
49,5,37.2,266.721,176.245
105,1,37.2,267.491,173.566
49,5,37.25,266.727,176.272
105,1,37.25,267.519,173.541
49,5,37.3,266.737,176.316
105,1,37.3,267.55,173.514
49,5,37.35,266.75,176.379
105,1,37.35,267.577,173.491
49,5,37.4,266.761,176.43
105,1,37.4,267.612,173.46
49,5,37.45,266.774,176.492
105,1,37.45,267.646,173.431
49,5,37.5,266.785,176.543
105,1,37.5,267.678,173.403
49,5,37.55,266.799,176.607
105,1,37.55,267.712,173.374
49,5,37.6,266.811,176.664
105,1,37.6,267.746,173.343
49,5,37.65,266.823,176.724
105,1,37.65,267.78,173.314
49,5,37.7,266.837,176.787
105,1,37.7,267.817,173.282
49,5,37.75,266.849,176.844
105,1,37.75,267.851,173.253
49,5,37.8,266.861,176.903
105,1,37.8,267.89,173.219
49,5,37.85,266.875,176.969
105,1,37.85,267.927,173.187
49,5,37.9,266.89,177.038
105,1,37.9,267.972,173.147
49,5,37.95,266.901,177.092
105,1,37.95,268.025,173.101
49,5,38,266.914,177.15
105,1,38,268.063,173.069
49,5,38.05,266.927,177.212
105,1,38.05,268.115,173.023
49,5,38.1,266.94,177.271
105,1,38.1,268.195,172.954
49,5,38.15,266.954,177.337
105,1,38.15,268.376,172.796
49,5,38.2,266.967,177.4
49,5,38.25,266.98,177.462
105,0,38.25,266.992,172.162
49,5,38.3,266.994,177.525
105,0,38.3,266.997,172.14
49,5,38.35,267.003,177.571
105,0,38.35,267.007,172.093
49,5,38.4,267.014,177.622
105,0,38.4,267.019,172.037
49,5,38.45,267.026,177.68
105,0,38.45,267.033,171.967
49,5,38.5,267.038,177.734
105,0,38.5,267.047,171.905
49,5,38.55,267.051,177.795
105,0,38.55,267.055,171.867
49,5,38.6,267.064,177.856
105,0,38.6,267.065,171.819
49,5,38.65,267.076,177.911
105,0,38.65,267.078,171.76
49,5,38.7,267.086,177.96
105,0,38.7,267.088,171.71
49,5,38.75,267.097,178.013
105,0,38.75,267.096,171.675
49,5,38.8,267.111,178.077
105,0,38.8,267.104,171.636
49,5,38.85,267.125,178.141
105,0,38.85,267.114,171.591
49,5,38.9,267.138,178.205
105,0,38.9,267.124,171.54
49,5,38.95,267.153,178.274
105,0,38.95,267.137,171.48
49,5,39,267.166,178.334
105,0,39,267.151,171.416
49,5,39.05,267.18,178.402
105,0,39.05,267.162,171.365
49,5,39.1,267.193,178.465
105,0,39.1,267.171,171.321
49,5,39.15,267.208,178.531
105,0,39.15,267.182,171.267
49,5,39.2,267.222,178.6
105,0,39.2,267.193,171.215
49,5,39.25,267.238,178.677
105,0,39.25,267.204,171.163
49,5,39.3,267.253,178.747
105,0,39.3,267.216,171.108
49,5,39.35,267.266,178.806
105,0,39.35,267.23,171.042
49,5,39.4,267.281,178.876
105,0,39.4,267.242,170.984
49,5,39.45,267.294,178.938
105,0,39.45,267.254,170.928
49,5,39.5,267.308,179.004
105,0,39.5,267.266,170.875
49,5,39.55,267.321,179.066
105,0,39.55,267.276,170.827
49,5,39.6,267.332,179.115
105,0,39.6,267.287,170.777
49,5,39.65,267.343,179.168
105,0,39.65,267.299,170.719
49,5,39.7,267.354,179.219
105,0,39.7,267.311,170.66
49,5,39.75,267.365,179.274
105,0,39.75,267.325,170.597
49,5,39.8,267.376,179.324
105,0,39.8,267.337,170.541
49,5,39.85,267.387,179.377
105,0,39.85,267.347,170.492
49,5,39.9,267.4,179.439
105,0,39.9,267.358,170.439
49,5,39.95,267.413,179.497
105,0,39.95,267.371,170.381
49,5,40,267.425,179.553
105,0,40,267.383,170.323
49,5,40.05,267.437,179.612
105,0,40.05,267.392,170.282
49,5,40.1,267.449,179.666
105,0,40.1,267.402,170.233
49,5,40.15,267.463,179.734
105,0,40.15,267.412,170.188
49,5,40.2,267.476,179.792
105,0,40.2,267.421,170.143
49,5,40.25,267.488,179.852
105,0,40.25,267.431,170.095
49,5,40.3,267.502,179.918
105,0,40.3,267.444,170.037
49,5,40.35,267.514,179.973
105,0,40.35,267.457,169.977
49,5,40.4,267.529,180.045
105,0,40.4,267.47,169.913
49,5,40.45,267.544,180.113
105,0,40.45,267.482,169.857
49,5,40.5,267.557,180.176
105,0,40.5,267.496,169.791
49,5,40.55,267.572,180.246
105,0,40.55,267.511,169.72
49,5,40.6,267.585,180.308
105,0,40.6,267.525,169.653
49,5,40.65,267.6,180.376
105,0,40.65,267.538,169.595
49,5,40.7,267.613,180.438
105,0,40.7,267.546,169.555
49,5,40.75,267.627,180.506
105,0,40.75,267.557,169.506
49,5,40.8,267.643,180.579
105,0,40.8,267.568,169.454
49,5,40.85,267.659,180.657
105,0,40.85,267.577,169.409
49,5,40.9,267.674,180.728
105,0,40.9,267.588,169.36
49,5,40.95,267.69,180.803
105,0,40.95,267.599,169.306
49,5,41,267.706,180.875
105,0,41,267.609,169.258
49,5,41.05,267.72,180.944
105,0,41.05,267.621,169.203
49,5,41.1,267.735,181.012
105,0,41.1,267.633,169.147
105,0,41.15,267.646,169.085
105,0,41.2,267.66,169.021
105,0,41.25,267.673,168.96
105,0,41.3,267.687,168.894
105,0,41.35,267.7,168.829
105,0,41.4,267.714,168.765
105,0,41.45,267.728,168.702
105,0,41.5,267.728,168.699
105,0,41.55,267.718,168.746
105,0,41.6,267.707,168.798
105,0,41.65,267.698,168.843
105,0,41.7,267.687,168.891
105,0,41.75,267.677,168.938
49,5,41.8,267.734,181.007
105,0,41.8,267.665,168.998
49,5,41.85,267.722,180.953
105,0,41.85,267.652,169.055
49,5,41.9,267.712,180.903
105,0,41.9,267.64,169.113
49,5,41.95,267.699,180.846
105,0,41.95,267.628,169.17
49,5,42,267.689,180.795
105,0,42,267.617,169.223
49,5,42.05,267.678,180.745
105,0,42.05,267.606,169.275
49,5,42.1,267.667,180.693
105,0,42.1,267.594,169.331
49,5,42.15,267.655,180.637
105,0,42.15,267.581,169.39
49,5,42.2,267.644,180.583
105,0,42.2,267.568,169.451
105,5,42.25,267.632,180.531
207,5,42.25,267.632,180.531
105,0,42.3,267.547,169.553
207,5,42.3,267.622,180.483
105,0,42.35,267.534,169.611
207,5,42.35,267.611,180.431
207,5,42.4,267.602,180.387
76,0,42.4,267.524,169.66
207,5,42.45,267.593,180.345
76,0,42.45,267.511,169.718
207,5,42.5,267.583,180.299
76,0,42.5,267.501,169.767
207,5,42.55,267.572,180.247
76,0,42.55,267.49,169.817
207,5,42.6,267.56,180.191
76,0,42.6,267.478,169.877
207,5,42.65,267.549,180.139
76,0,42.65,267.467,169.927
207,5,42.7,267.538,180.088
76,0,42.7,267.457,169.975
207,5,42.75,267.53,180.048
76,0,42.75,267.447,170.024
207,5,42.8,267.521,180.007
76,0,42.8,267.435,170.077
207,5,42.85,267.512,179.965
76,0,42.85,267.423,170.133
207,5,42.9,267.502,179.918
76,0,42.9,267.413,170.183
207,5,42.95,267.489,179.856
76,0,42.95,267.402,170.235
207,5,43,267.477,179.798
76,0,43,267.39,170.288
207,5,43.05,267.465,179.743
76,0,43.05,267.38,170.338
207,5,43.1,267.453,179.688
76,0,43.1,267.369,170.389
207,5,43.15,267.443,179.641
76,0,43.15,267.358,170.44
207,5,43.2,267.433,179.591
76,0,43.2,267.348,170.487
207,5,43.25,267.422,179.539
76,0,43.25,267.338,170.536
207,5,43.3,267.409,179.478
76,0,43.3,267.327,170.584
207,5,43.35,267.399,179.432
76,0,43.35,267.317,170.634
207,5,43.4,267.388,179.38
76,0,43.4,267.306,170.686
207,5,43.45,267.378,179.336
76,0,43.45,267.297,170.728
207,5,43.5,267.369,179.292
76,0,43.5,267.288,170.772
207,5,43.55,267.359,179.245
76,0,43.55,267.278,170.815
207,5,43.6,267.35,179.201
76,0,43.6,267.271,170.852
207,5,43.65,267.339,179.152
76,0,43.65,267.264,170.881
207,5,43.7,267.327,179.095
76,0,43.7,267.255,170.927
207,5,43.75,267.315,179.037
76,0,43.75,267.245,170.972
207,5,43.8,267.303,178.978
76,0,43.8,267.234,171.025
207,5,43.85,267.292,178.929
76,0,43.85,267.222,171.081
207,5,43.9,267.281,178.877
76,0,43.9,267.211,171.132
207,5,43.95,267.271,178.831
76,0,43.95,267.2,171.184
207,5,44,267.259,178.775
76,0,44,267.188,171.239
207,5,44.05,267.248,178.723
76,0,44.05,267.177,171.291
207,5,44.1,267.239,178.678
76,0,44.1,267.167,171.338
207,5,44.15,267.229,178.631
76,0,44.15,267.158,171.382
207,5,44.2,267.218,178.581
76,0,44.2,267.147,171.431
207,5,44.25,267.208,178.534
76,0,44.25,267.137,171.481
207,5,44.3,267.198,178.487
76,0,44.3,267.125,171.535
207,5,44.35,267.187,178.436
76,0,44.35,267.115,171.583
207,5,44.4,267.177,178.388
76,0,44.4,267.103,171.639
207,5,44.45,267.168,178.345
76,0,44.45,267.09,171.703
207,5,44.5,267.155,178.286
76,0,44.5,267.078,171.758
207,5,44.55,267.145,178.239
76,0,44.55,267.066,171.815
207,5,44.6,267.136,178.196
76,0,44.6,267.055,171.867
207,5,44.65,267.127,178.155
76,0,44.65,267.043,171.924
207,5,44.7,267.117,178.106
76,0,44.7,267.031,171.978
207,5,44.75,267.106,178.052
76,0,44.75,267.019,172.035
207,5,44.8,267.093,177.991
76,0,44.8,267.007,172.09
207,5,44.85,267.081,177.935
76,0,44.85,266.998,172.134
207,5,44.9,267.069,177.882
76,0,44.9,266.989,172.178
207,5,44.95,267.06,177.837
76,0,44.95,266.98,172.22
207,5,45,267.051,177.794
76,0,45,266.972,172.259
207,5,45.05,267.044,177.763
76,0,45.05,266.965,172.291
207,5,45.1,267.031,177.703
76,0,45.1,266.957,172.325
207,5,45.15,267.018,177.641
76,0,45.15,266.945,172.383
207,5,45.2,267.008,177.591
76,0,45.2,266.934,172.437
207,5,45.25,266.999,177.549
76,0,45.25,266.923,172.489
207,5,45.3,266.993,177.521
76,0,45.3,266.913,172.535
207,5,45.35,266.983,177.474
76,0,45.35,266.902,172.585
207,5,45.4,266.972,177.423
76,0,45.4,266.891,172.636
207,5,45.45,266.963,177.381
76,0,45.45,266.879,172.695
207,4,45.5,268.223,176.751
76,0,45.5,266.868,172.745
207,4,45.55,268.189,176.721
76,0,45.55,266.857,172.796
207,4,45.6,268.17,176.705
76,0,45.6,266.846,172.848
207,4,45.65,268.135,176.674
76,0,45.65,266.837,172.894
207,4,45.7,268.066,176.614
76,0,45.7,266.825,172.948
207,4,45.75,268.015,176.57
76,0,45.75,266.814,172.998
207,4,45.8,267.976,176.536
76,0,45.8,266.804,173.048
207,4,45.85,267.951,176.514
76,0,45.85,266.793,173.098
207,4,45.9,267.866,176.441
76,0,45.9,266.784,173.141
207,4,45.95,267.818,176.399
76,0,45.95,266.774,173.188
207,4,46,267.777,176.363
76,0,46,266.764,173.234
207,4,46.05,267.749,176.339
76,0,46.05,266.755,173.278
207,4,46.1,267.71,176.305
76,0,46.1,266.745,173.323
207,4,46.15,267.68,176.279
76,0,46.15,266.739,173.353
207,4,46.2,267.646,176.249
76,0,46.2,266.735,173.372
207,4,46.25,267.614,176.222
76,1,46.25,267.328,173.707
207,4,46.3,267.584,176.196
76,1,46.3,267.273,173.755
207,4,46.35,267.556,176.171
76,1,46.35,267.234,173.789
207,4,46.4,267.525,176.144
76,1,46.4,267.205,173.814
207,4,46.45,267.501,176.123
76,1,46.45,267.146,173.866
207,4,46.5,267.475,176.1
76,1,46.5,267.08,173.923
207,4,46.55,267.451,176.08
76,1,46.55,267.035,173.961
207,4,46.6,267.428,176.06
76,1,46.6,266.999,173.993
207,4,46.65,267.408,176.043
76,1,46.65,266.969,174.019
207,4,46.7,267.385,176.022
76,1,46.7,266.941,174.043
207,4,46.75,267.368,176.007
76,1,46.75,266.915,174.066
207,4,46.8,267.363,176.003
76,1,46.8,266.89,174.088
207,4,46.85,267.423,176.055
76,1,46.85,266.867,174.108
207,1,46.9,266.848,174.124
207,1,46.95,266.851,174.122
207,3,47.05,267.766,175.17
207,3,47.1,267.612,175.149
207,2,47.15,267.104,174.602
76,3,47.15,267.568,175.143
207,2,47.2,266.959,174.623
76,3,47.2,267.554,175.141
207,2,47.25,266.918,174.629
76,3,47.25,267.539,175.139
207,2,47.3,266.901,174.631
76,3,47.3,267.529,175.137
207,2,47.35,266.889,174.633
76,3,47.35,267.517,175.136
207,2,47.4,266.886,174.633
76,3,47.4,267.51,175.135
207,2,47.45,266.895,174.632
76,3,47.45,267.506,175.134
207,2,47.5,266.965,174.622
76,3,47.5,267.503,175.134
207,3,47.55,267.505,175.134
207,3,47.6,267.082,175.074
207,2,47.65,267.735,174.514
76,3,47.65,266.897,175.048
207,2,47.7,267.52,174.544
76,3,47.7,266.886,175.047
207,3,47.75,266.888,175.047
76,2,47.75,267.504,174.546
207,3,47.8,266.896,175.048
76,2,47.8,267.502,174.547
207,3,47.85,266.91,175.05
76,2,47.85,267.503,174.546
207,3,47.9,266.957,175.057
76,2,47.9,267.508,174.546
207,3,47.95,267.093,175.076
76,2,47.95,267.514,174.545
207,3,48,267.173,175.087
76,2,48,267.522,174.544
207,2,48.05,267.536,174.542
207,2,48.1,267.549,174.54
207,2,48.15,267.564,174.538
76,4,48.15,266.84,175.549
207,2,48.2,267.58,174.536
76,4,48.2,266.851,175.558
207,2,48.25,267.614,174.531
76,4,48.25,266.868,175.573
207,2,48.3,267.678,174.522
76,4,48.3,266.891,175.593
207,2,48.35,267.824,174.501
76,4,48.35,266.918,175.616
76,4,48.4,266.943,175.638
76,4,48.45,266.973,175.664
76,4,48.5,267.003,175.69
207,1,48.55,267.398,173.646
76,4,48.55,267.044,175.726
207,1,48.6,267.383,173.659
76,4,48.6,267.106,175.78
207,1,48.65,267.401,173.644
76,4,48.65,267.164,175.83
207,1,48.7,267.42,173.628
76,4,48.7,267.192,175.854
207,1,48.75,267.442,173.608
76,4,48.75,267.237,175.894
207,1,48.8,267.469,173.584
76,4,48.8,267.299,175.948
207,1,48.85,267.489,173.567
76,5,48.85,266.722,176.248
207,1,48.9,267.515,173.544
76,5,48.9,266.727,176.271
207,1,48.95,267.546,173.517
76,5,48.95,266.734,176.305
207,1,49,267.571,173.496
76,5,49,266.744,176.351
207,1,49.05,267.601,173.47
76,5,49.05,266.754,176.399
207,1,49.1,267.626,173.448
76,5,49.1,266.765,176.449
207,1,49.15,267.66,173.418
76,5,49.15,266.775,176.496
207,1,49.2,267.685,173.397
76,5,49.2,266.785,176.542
207,1,49.25,267.716,173.37
76,5,49.25,266.796,176.595
207,1,49.3,267.75,173.34
76,5,49.3,266.806,176.641
207,1,49.35,267.78,173.315
76,5,49.35,266.815,176.683
207,1,49.4,267.818,173.281
76,5,49.4,266.825,176.732
207,1,49.45,267.846,173.257
76,5,49.45,266.837,176.788
207,1,49.5,267.877,173.23
76,5,49.5,266.847,176.833
207,1,49.55,267.914,173.198
76,5,49.55,266.856,176.879
207,1,49.6,267.955,173.162
76,5,49.6,266.866,176.924
207,1,49.65,268.015,173.11
76,5,49.65,266.877,176.975
207,1,49.7,268.048,173.082
76,5,49.7,266.887,177.023
207,1,49.75,268.087,173.048
76,5,49.75,266.898,177.074
207,1,49.8,268.14,173.001
76,5,49.8,266.908,177.124
207,1,49.85,268.225,172.928
76,5,49.85,266.919,177.172
207,1,49.9,268.386,172.788
76,5,49.9,266.93,177.224
76,5,49.95,266.939,177.269
207,0,50,266.992,172.163
76,5,50,266.948,177.313
207,0,50.05,266.996,172.143
76,5,50.05,266.959,177.364
207,0,50.1,267.005,172.102
76,5,50.1,266.972,177.421
207,0,50.15,267.015,172.052
76,5,50.15,266.983,177.473
207,0,50.2,267.027,171.996
76,5,50.2,266.991,177.514
207,0,50.25,267.041,171.932
76,5,50.25,266.999,177.549
207,0,50.3,267.048,171.9
76,5,50.3,267.008,177.592
207,0,50.35,267.056,171.86
76,5,50.35,267.018,177.639
207,0,50.4,267.066,171.815
76,5,50.4,267.027,177.68
207,0,50.45,267.077,171.765
76,5,50.45,267.036,177.725
207,0,50.5,267.088,171.713
76,5,50.5,267.046,177.77
207,0,50.55,267.094,171.682
76,5,50.55,267.056,177.818
207,0,50.6,267.103,171.64
76,5,50.6,267.066,177.865
207,0,50.65,267.112,171.598
76,5,50.65,267.075,177.91
207,0,50.7,267.122,171.551
76,5,50.7,267.086,177.96
207,0,50.75,267.131,171.507
76,5,50.75,267.096,178.009
207,0,50.8,267.142,171.459
76,5,50.8,267.107,178.057
207,0,50.85,267.153,171.403
76,5,50.85,267.117,178.108
207,0,50.9,267.164,171.352
76,5,50.9,267.127,178.155
207,0,50.95,267.174,171.307
76,5,50.95,267.137,178.201
207,0,51,267.184,171.258
76,5,51,267.147,178.248
207,0,51.05,267.196,171.202
76,5,51.05,267.159,178.302
207,0,51.1,267.208,171.147
76,5,51.1,267.169,178.35
207,0,51.15,267.219,171.094
76,5,51.15,267.18,178.401
207,0,51.2,267.233,171.03
76,5,51.2,267.193,178.461
207,0,51.25,267.245,170.971
76,5,51.25,267.198,178.486
207,0,51.3,267.255,170.924
76,5,51.3,267.185,178.428
207,0,51.35,267.265,170.878
76,5,51.35,267.173,178.367
207,0,51.4,267.276,170.826
76,5,51.4,267.157,178.294
207,0,51.45,267.287,170.775
76,5,51.45,267.145,178.238
207,0,51.5,267.299,170.717
76,5,51.5,267.133,178.182
207,0,51.55,267.31,170.668
76,5,51.55,267.121,178.127
207,0,51.6,267.321,170.616
76,5,51.6,267.109,178.07
207,0,51.65,267.332,170.562
76,5,51.65,267.095,178
207,0,51.7,267.342,170.516
76,5,51.7,267.08,177.932
207,0,51.75,267.351,170.472
76,5,51.75,267.064,177.857
207,0,51.8,267.362,170.422
76,5,51.8,267.052,177.798
207,0,51.85,267.373,170.37
76,5,51.85,267.041,177.748
207,0,51.9,267.384,170.319
76,5,51.9,267.025,177.675
207,0,51.95,267.393,170.278
76,5,51.95,267.009,177.597
207,0,52,267.401,170.238
76,5,52,266.997,177.543
207,0,52.05,267.411,170.192
76,5,52.05,266.99,177.508
207,5,52.1,266.972,177.424
13,5,52.1,266.972,177.424
207,0,52.15,267.43,170.102
13,5,52.15,266.962,177.378
207,4,52.2,268.214,176.743
13,5,52.2,267.404,179.457
212,4,52.2,268.214,176.743
207,0,52.25,267.451,170.003
13,5,52.25,267.414,179.502
212,4,52.25,268.174,176.709
207,0,52.3,267.463,169.948
13,5,52.3,267.423,179.547
212,4,52.3,268.131,176.67
207,0,52.35,267.475,169.892
13,5,52.35,267.434,179.597
212,4,52.35,268.041,176.592
207,0,52.4,267.485,169.841
13,5,52.4,267.445,179.65
212,4,52.4,267.986,176.545
207,0,52.45,267.497,169.787
13,5,52.45,267.456,179.701
212,4,52.45,267.949,176.513
207,0,52.5,267.509,169.73
13,5,52.5,267.467,179.753
212,4,52.5,267.842,176.42
207,0,52.55,267.523,169.666
13,5,52.55,267.477,179.8
212,4,52.55,267.79,176.375
207,0,52.6,267.534,169.611
13,5,52.6,267.488,179.853
212,4,52.6,267.75,176.34
207,0,52.65,267.543,169.571
13,5,52.65,267.5,179.909
212,4,52.65,267.703,176.299
207,0,52.7,267.552,169.527
13,5,52.7,267.51,179.957
212,4,52.7,267.669,176.27
207,0,52.75,267.561,169.487
13,5,52.75,267.521,180.007
212,4,52.75,267.628,176.234
207,0,52.8,267.569,169.447
13,5,52.8,267.532,180.06
212,4,52.8,267.591,176.201
207,0,52.85,267.579,169.399
13,5,52.85,267.543,180.11
212,4,52.85,267.557,176.172
207,0,52.9,267.59,169.351
13,5,52.9,267.555,180.167
212,4,52.9,267.521,176.14
207,0,52.95,267.599,169.307
13,5,52.95,267.566,180.216
212,4,52.95,267.485,176.11
207,0,53,267.609,169.262
13,5,53,267.577,180.269
212,4,53,267.455,176.083
207,0,53.05,267.619,169.214
13,5,53.05,267.587,180.318
212,4,53.05,267.427,176.059
207,0,53.1,267.629,169.166
13,5,53.1,267.597,180.366
212,4,53.1,267.4,176.035
207,0,53.15,267.64,169.116
13,5,53.15,267.608,180.414
212,4,53.15,267.375,176.014
207,0,53.2,267.651,169.061
13,5,53.2,267.619,180.466
212,4,53.2,267.362,176.003
207,0,53.25,267.662,169.01
13,5,53.25,267.63,180.52
212,4,53.25,267.424,176.056
207,0,53.3,267.675,168.951
13,5,53.3,267.642,180.575
207,0,53.35,267.686,168.9
13,5,53.35,267.655,180.636
207,0,53.4,267.698,168.843
13,5,53.4,267.668,180.699
212,3,53.4,267.777,175.172
207,0,53.45,267.711,168.781
13,5,53.45,267.68,180.753
212,3,53.45,267.613,175.149
207,0,53.5,267.723,168.723
13,5,53.5,267.693,180.817
212,3,53.5,267.564,175.142
207,0,53.55,267.736,168.66
13,5,53.55,267.705,180.872
212,3,53.55,267.542,175.139
212,3,53.6,267.527,175.137
13,5,53.6,267.716,180.922
212,3,53.65,267.512,175.135
13,5,53.65,267.727,180.974
212,3,53.7,267.505,175.134
13,5,53.7,267.737,181.021
212,3,53.75,267.504,175.134
212,3,53.8,267.504,175.134
212,3,53.85,267.508,175.134
212,2,53.9,267.695,174.519
212,3,53.9,267.534,175.138
212,2,53.95,267.508,174.546
212,2,54,267.502,174.547
212,2,54.05,267.504,174.546
212,2,54.1,267.511,174.545
212,2,54.15,267.519,174.544
212,2,54.2,267.535,174.542
212,2,54.25,267.557,174.539
212,2,54.3,267.578,174.536
212,2,54.35,267.614,174.531
212,2,54.4,267.794,174.505
212,1,54.6,267.383,173.66
212,1,54.65,267.394,173.65
212,1,54.7,267.422,173.626
212,1,54.75,267.448,173.603
212,1,54.8,267.476,173.578
212,1,54.85,267.512,173.547
212,1,54.9,267.546,173.517
212,1,54.95,267.58,173.488
212,1,55,267.62,173.454
212,1,55.05,267.661,173.418
212,1,55.1,267.694,173.389
212,1,55.15,267.741,173.348
212,1,55.2,267.776,173.318
212,1,55.25,267.82,173.28
212,1,55.3,267.861,173.244
212,1,55.35,267.905,173.206
212,1,55.4,267.958,173.16
212,1,55.45,268.025,173.101
212,1,55.5,268.077,173.056
212,1,55.55,268.141,173
212,1,55.6,268.239,172.915
212,0,55.75,266.995,172.146
212,0,55.8,267.006,172.096
212,0,55.85,267.021,172.028
212,0,55.9,267.036,171.954
212,0,55.95,267.048,171.9
212,0,56,267.057,171.857
212,0,56.05,267.069,171.801
212,0,56.1,267.083,171.735
212,0,56.15,267.093,171.687
212,0,56.2,267.103,171.64
212,0,56.25,267.115,171.584
212,0,56.3,267.127,171.528
212,0,56.35,267.14,171.467
212,0,56.4,267.156,171.393
212,0,56.45,267.168,171.332
212,0,56.5,267.18,171.279
212,0,56.55,267.195,171.208
212,0,56.6,267.21,171.137
212,0,56.65,267.225,171.068
212,0,56.7,267.239,171.001
212,0,56.75,267.254,170.93
212,0,56.8,267.267,170.871
212,0,56.85,267.28,170.805
212,0,56.9,267.295,170.735
212,0,56.95,267.312,170.658
212,0,57,267.326,170.592
212,0,57.05,267.339,170.528
212,0,57.1,267.352,170.471
212,0,57.15,267.364,170.413
212,0,57.2,267.377,170.353
212,0,57.25,267.388,170.301
212,0,57.3,267.399,170.248
212,0,57.35,267.411,170.192
212,0,57.4,267.424,170.132
212,0,57.45,267.435,170.076
212,0,57.5,267.45,170.01
212,0,57.55,267.465,169.939
212,0,57.6,267.479,169.869
212,0,57.65,267.493,169.806
212,0,57.7,267.508,169.733
212,0,57.75,267.525,169.656
212,0,57.8,267.538,169.595
212,0,57.85,267.55,169.537
212,0,57.9,267.563,169.476
212,0,57.95,267.575,169.419
212,0,58,267.587,169.365
212,0,58.05,267.6,169.304
212,0,58.1,267.612,169.247
212,0,58.15,267.626,169.18
212,0,58.2,267.641,169.109
212,0,58.25,267.657,169.036
212,0,58.3,267.671,168.968
212,0,58.35,267.685,168.901
212,0,58.4,267.699,168.834
212,0,58.45,267.715,168.76
212,0,58.5,267.731,168.688
