id,sensor,timestamp,x,y
car0,0,1.3,267.733,168.678,0
car0,0,1.35,267.722,168.73,1
car0,0,1.4,267.711,168.781,1
car0,0,1.45,267.7,168.829,1
car0,0,1.5,267.689,168.883,1
car0,0,1.55,267.676,168.945,1
car0,0,1.6,267.662,169.009,1
car0,0,1.65,267.649,169.073,1
car0,0,1.7,267.636,169.135,1
car0,0,1.75,267.624,169.187,1
car0,0,1.8,267.611,169.25,1
car0,0,1.85,267.598,169.312,1
car0,0,1.9,267.582,169.388,1
car0,0,1.95,267.567,169.456,1
car0,0,2,267.553,169.525,1
car0,0,2.05,267.54,169.583,1
car0,0,2.1,267.527,169.646,1
car0,0,2.15,267.514,169.705,1
car0,0,2.2,267.502,169.764,1
car0,0,2.25,267.489,169.824,1
car0,0,2.3,267.476,169.884,1
car0,0,2.35,267.463,169.945,1
car0,0,2.4,267.449,170.012,1
car0,0,2.45,267.435,170.077,1
car0,0,2.5,267.423,170.136,1
car0,0,2.55,267.41,170.196,1
car0,0,2.6,267.398,170.253,1
car0,0,2.65,267.387,170.306,1
car0,0,2.7,267.376,170.358,1
car0,0,2.75,267.363,170.417,1
car0,0,2.8,267.352,170.471,1
car0,0,2.85,267.34,170.527,1
car0,0,2.9,267.329,170.579,1
car0,0,2.95,267.318,170.631,1
car0,0,3,267.307,170.682,1
car0,0,3.05,267.297,170.73,1
car0,0,3.1,267.286,170.78,1
car0,0,3.15,267.276,170.829,1
car0,0,3.2,267.269,170.861,1
car0,0,3.25,267.258,170.91,1
car0,0,3.3,267.246,170.967,1
car0,0,3.35,267.234,171.022,1
car0,0,3.4,267.222,171.082,1
car0,0,3.45,267.21,171.139,1
car0,0,3.5,267.198,171.195,1
car0,0,3.55,267.186,171.248,1
car0,0,3.6,267.175,171.3,1
car0,0,3.65,267.163,171.356,1
car0,0,3.7,267.153,171.406,1
car0,0,3.75,267.141,171.462,1
car0,0,3.8,267.128,171.521,1
car0,0,3.85,267.117,171.574,1
car0,0,3.9,267.102,171.646,1
car0,0,3.95,267.088,171.712,1
car0,0,4,267.072,171.786,1
car0,0,4.05,267.059,171.846,1
car0,0,4.1,267.044,171.916,1
car0,0,4.15,267.032,171.974,1
car0,0,4.2,267.021,172.027,1
car0,0,4.25,267.01,172.079,1
car0,0,4.3,266.998,172.134,1
car0,0,4.35,266.987,172.188,1
car0,0,4.4,266.975,172.24,1
car0,0,4.45,266.967,172.282,1
car0,0,4.5,266.96,172.313,1
car0,0,4.55,266.948,172.369,1
car0,0,4.6,266.936,172.428,1
car0,0,4.65,266.924,172.481,1
car0,0,4.7,266.911,172.541,1
car0,0,4.75,266.899,172.598,1
car0,0,4.8,266.889,172.648,1
car0,0,4.85,266.875,172.713,1
car0,0,4.9,266.863,172.771,1
car0,0,4.95,266.85,172.83,1
car0,0,5,266.838,172.885,1
car0,0,5.05,266.826,172.942,1
car0,0,5.1,266.814,172.999,1
car0,0,5.15,266.803,173.05,1
car0,0,5.2,266.793,173.101,1
car0,0,5.25,266.782,173.153,1
car0,0,5.3,266.771,173.203,1
car0,0,5.35,266.76,173.254,1
car0,0,5.4,266.749,173.303,1
car0,0,5.45,266.741,173.343,1
car0,0,5.5,266.735,173.371,1
car0,1,5.55,267.328,173.708,1
car0,1,5.6,267.272,173.756,1
car0,1,5.65,267.231,173.792,1
car0,1,5.7,267.195,173.822,1
car0,1,5.75,267.115,173.893,1
car0,1,5.8,267.06,173.94,1
car0,1,5.85,267.014,173.98,1
car0,1,5.9,266.977,174.012,1
car0,1,5.95,266.943,174.041,1
car0,1,6,266.915,174.066,1
car0,1,6.05,266.89,174.088,1
car0,1,6.1,266.863,174.111,1
car0,1,6.15,266.846,174.126,1
car0,1,6.2,266.888,174.09,1
car0,2,6.35,267.105,174.602,1
car0,2,6.4,266.948,174.624,1
car0,2,6.45,266.911,174.63,1
car0,2,6.5,266.895,174.632,1
car0,2,6.55,266.886,174.633,1
car0,2,6.6,266.887,174.633,1
car0,2,6.65,266.937,174.626,1
car0,2,6.7,267.17,174.593,1
car0,3,6.75,267.072,175.073,1
car0,3,6.8,266.894,175.048,1
car0,3,6.85,266.886,175.047,1
car0,3,6.9,266.888,175.047,1
car0,3,6.95,266.902,175.049,1
car0,3,7,266.926,175.052,1
car0,3,7.05,267.002,175.063,1
car0,3,7.1,267.144,175.083,1
car0,4,7.25,266.84,175.549,1
car0,4,7.3,266.848,175.556,1
car0,4,7.35,266.866,175.572,1
car0,4,7.4,266.891,175.593,1
car0,4,7.45,266.917,175.616,1
car0,4,7.5,266.946,175.641,1
car0,4,7.55,266.98,175.671,1
car0,4,7.6,267.018,175.703,1
car0,4,7.65,267.073,175.751,1
car0,4,7.7,267.147,175.816,1
car0,4,7.75,267.179,175.843,1
car0,4,7.8,267.224,175.883,1
car0,4,7.85,267.296,175.945,1
car0,5,7.9,266.722,176.248,1
car0,5,7.95,266.729,176.28,1
car0,5,8,266.739,176.328,1
car0,5,8.05,266.751,176.385,1
car0,5,8.1,266.761,176.432,1
car0,5,8.15,266.772,176.483,1
car0,5,8.2,266.782,176.53,1
car0,5,8.25,266.794,176.584,1
car0,5,8.3,266.804,176.635,1
car0,5,8.35,266.815,176.684,1
car0,5,8.4,266.827,176.742,1
car0,5,8.45,266.84,176.803,1
car0,5,8.5,266.852,176.86,1
car0,5,8.55,266.863,176.91,1
car0,5,8.6,266.874,176.962,1
car0,5,8.65,266.887,177.024,1
car0,5,8.7,266.899,177.081,1
car0,5,8.75,266.91,177.133,1
car0,5,8.8,266.921,177.183,1
car0,5,8.85,266.933,177.238,1
car0,5,8.9,266.945,177.297,1
car0,5,8.95,266.956,177.348,1
car0,5,9,266.967,177.401,1
car0,5,9.05,266.98,177.459,1
car0,5,9.1,266.991,177.513,1
car0,5,9.15,267,177.555,1
car0,5,9.2,267.009,177.599,1
car0,5,9.25,267.019,177.644,1
car0,5,9.3,267.03,177.694,1
car0,5,9.35,267.042,177.751,1
car0,5,9.4,267.052,177.801,1
car0,5,9.45,267.065,177.861,1
car0,5,9.5,267.074,177.905,1
car0,5,9.55,267.085,177.954,1
car0,5,9.6,267.095,178.002,1
car0,5,9.65,267.107,178.059,1
car0,5,9.7,267.118,178.11,1
car0,5,9.75,267.13,178.166,1
car0,5,9.8,267.142,178.222,1
car0,5,9.85,267.155,178.284,1
car0,5,9.9,267.167,178.343,1
car0,5,9.95,267.181,178.408,1
car0,5,10,267.195,178.475,1
car0,5,10.05,267.208,178.532,1
car0,5,10.1,267.221,178.594,1
car0,5,10.15,267.234,178.655,1
car0,5,10.2,267.248,178.724,1
car0,5,10.25,267.261,178.783,1
car0,5,10.3,267.272,178.834,1
car0,5,10.35,267.283,178.886,1
car0,5,10.4,267.296,178.946,1
car0,5,10.45,267.307,178.998,1
car0,5,10.5,267.319,179.055,1
car0,5,10.55,267.329,179.104,1
car0,5,10.6,267.339,179.148,1
car0,5,10.65,267.349,179.197,1
car0,5,10.7,267.36,179.247,1
car0,5,10.75,267.371,179.3,1
car0,5,10.8,267.382,179.354,1
car0,5,10.85,267.393,179.404,1
car0,5,10.9,267.403,179.449,1
car0,5,10.95,267.39,179.39,1
car0,5,11,267.378,179.336,1
car0,5,11.05,267.366,179.276,1
car0,5,11.1,267.353,179.217,1
car0,5,11.15,267.343,179.167,1
car0,0,11.2,267.734,168.672,1
car0,5,11.2,267.327,179.092,1
car0,0,11.25,267.723,168.725,2
car0,5,11.25,267.311,179.017,2
car0,0,11.3,267.709,168.788,2
car0,5,11.3,267.298,178.956,2
car0,0,11.35,267.698,168.842,2
car0,5,11.35,267.285,178.896,2
car0,0,11.4,267.685,168.902,2
car0,5,11.4,267.272,178.836,2
car0,0,11.45,267.672,168.965,2
car0,5,11.45,267.26,178.777,2
car0,0,11.5,267.659,169.026,2
car0,5,11.5,267.246,178.712,2
car0,0,11.55,267.645,169.089,2
car0,5,11.55,267.235,178.66,2
car0,0,11.6,267.633,169.148,2
car0,5,11.6,267.22,178.592,2
car0,0,11.65,267.619,169.215,2
car0,5,11.65,267.206,178.525,2
car0,0,11.7,267.607,169.27,3
car0,5,11.7,267.194,178.466,3
car0,0,11.75,267.593,169.336,3
car0,5,11.75,267.182,178.41,3
car0,0,11.8,267.578,169.405,3
car0,5,11.8,267.169,178.349,3
car0,0,11.85,267.564,169.473,3
car0,5,11.85,267.154,178.279,3
car0,0,11.9,267.55,169.538,3
car0,5,11.9,267.141,178.217,3
car0,0,11.95,267.535,169.607,3
car0,5,11.95,267.129,178.164,3
car0,0,12,267.523,169.667,3
car0,5,12,267.118,178.11,3
car0,0,12.05,267.508,169.735,3
car0,5,12.05,267.104,178.042,3
car0,0,12.1,267.493,169.807,3
car0,5,12.1,267.091,177.982,3
car0,0,12.15,267.479,169.873,3
car0,5,12.15,267.075,177.91,3
car0,0,12.2,267.466,169.935,3
car0,5,12.2,267.063,177.853,3
car0,0,12.25,267.451,170.002,3
car0,5,12.25,267.052,177.798,3
car0,0,12.3,267.437,170.071,3
car0,5,12.3,267.041,177.748,3
car0,0,12.35,267.424,170.129,3
car0,5,12.35,267.025,177.672,3
car0,0,12.4,267.412,170.186,3
car0,5,12.4,267.011,177.606,3
car0,0,12.45,267.398,170.253,3
car0,5,12.45,266.999,177.551,3
car0,0,12.5,267.383,170.323,3
car0,5,12.5,266.992,177.516,3
car0,0,12.55,267.369,170.39,3
car0,5,12.55,266.974,177.434,3
car0,0,12.6,267.356,170.45,3
car0,5,12.6,266.962,177.378,3
car0,0,12.65,267.343,170.513,3
car0,4,12.65,268.211,176.741,3
car0,0,12.7,267.331,170.567,3
car0,4,12.7,268.174,176.708,3
car0,0,12.75,267.318,170.631,3
car0,4,12.75,268.144,176.682,3
car0,0,12.8,267.305,170.688,3
car0,4,12.8,268.066,176.615,3
car0,0,12.85,267.293,170.747,3
car0,4,12.85,268.012,176.567,3
car0,0,12.9,267.281,170.803,3
car0,4,12.9,267.968,176.529,3
car0,0,12.95,267.271,170.848,3
car0,4,12.95,267.905,176.474,3
car0,0,13,267.265,170.879,3
car0,4,13,267.828,176.407,3
car0,0,13.05,267.251,170.943,3
car0,4,13.05,267.779,176.365,3
car0,0,13.1,267.238,171.005,3
car0,4,13.1,267.746,176.337,3
car0,0,13.15,267.224,171.071,3
car0,4,13.15,267.703,176.299,3
car0,0,13.2,267.212,171.129,3
car0,4,13.2,267.669,176.269,3
car0,0,13.25,267.198,171.195,3
car0,4,13.25,267.623,176.229,3
car0,0,13.3,267.184,171.258,3
car0,4,13.3,267.591,176.201,3
car0,0,13.35,267.172,171.314,3
car0,4,13.35,267.56,176.175,3
car0,0,13.4,267.161,171.37,3
car0,4,13.4,267.522,176.142,3
car0,0,13.45,267.147,171.431,3
car0,4,13.45,267.491,176.114,3
car0,0,13.5,267.135,171.489,3
car0,4,13.5,267.463,176.091,3
car0,0,13.55,267.122,171.552,3
car0,4,13.55,267.437,176.068,3
car0,0,13.6,267.106,171.626,3
car0,4,13.6,267.41,176.044,3
car0,0,13.65,267.091,171.695,3
car0,4,13.65,267.387,176.024,3
car0,0,13.7,267.076,171.767,3
car0,4,13.7,267.365,176.005,3
car0,0,13.75,267.061,171.837,3
car0,4,13.75,267.371,176.01,3
car0,0,13.8,267.047,171.905,3
car0,0,13.85,267.031,171.977,3
car0,0,13.9,267.018,172.04,3
car0,0,13.95,267.006,172.095,3
car0,3,13.95,267.761,175.17,3
car0,0,14,266.994,172.154,3
car0,3,14,267.6,175.147,3
car0,0,14.05,266.982,172.209,3
car0,3,14.05,267.559,175.141,3
car0,0,14.1,266.972,172.256,3
car0,3,14.1,267.542,175.139,3
car0,0,14.15,266.965,172.288,3
car0,3,14.15,267.529,175.137,3
car0,0,14.2,266.953,172.346,3
car0,3,14.2,267.513,175.135,3
car0,0,14.25,266.939,172.411,3
car0,3,14.25,267.505,175.134,3
car0,0,14.3,266.924,172.481,3
car0,3,14.3,267.504,175.134,3
car0,0,14.35,266.911,172.542,3
car0,3,14.35,267.505,175.134,3
car0,0,14.4,266.898,172.605,3
car0,3,14.4,267.509,175.134,3
car0,0,14.45,266.886,172.661,3
car0,2,14.45,267.568,174.537,3
car0,3,14.45,267.54,175.139,3
car0,0,14.5,266.873,172.721,4
car0,2,14.5,267.508,174.546,4
car0,0,14.55,266.86,172.783,4
car0,2,14.55,267.502,174.547,4
car0,0,14.6,266.849,172.837,4
car0,2,14.6,267.503,174.546,4
car0,0,14.65,266.837,172.894,4
car0,2,14.65,267.508,174.546,4
car0,0,14.7,266.822,172.962,4
car0,2,14.7,267.519,174.544,4
car0,0,14.75,266.81,173.017,4
car0,2,14.75,267.529,174.543,4
car0,0,14.8,266.798,173.074,4
car0,2,14.8,267.543,174.541,4
car0,0,14.85,266.785,173.138,4
car0,2,14.85,267.564,174.538,4
car0,0,14.9,266.773,173.193,4
car0,2,14.9,267.585,174.535,4
car0,0,14.95,266.76,173.253,4
car0,2,14.95,267.642,174.527,4
car0,0,15,266.749,173.305,4
car0,2,15,267.805,174.504,4
car0,0,15.05,266.74,173.346,4
car0,0,15.1,266.735,173.372,4
car0,1,15.15,267.32,173.714,4
car0,1,15.2,267.261,173.765,4
car0,1,15.25,267.223,173.799,4
car0,1,15.3,267.18,173.835,4
car0,1,15.35,267.076,173.926,4
car0,1,15.4,267.027,173.969,4
car0,1,15.45,266.984,174.006,4
car0,1,15.5,266.948,174.038,4
car0,1,15.55,266.913,174.068,4
car0,1,15.6,266.887,174.091,4
car0,1,15.65,266.862,174.112,4
car0,1,15.7,266.845,174.127,4
car0,1,15.75,266.907,174.073,4
car0,1,15.8,267.755,173.336,4
car0,1,15.85,267.799,173.298,4
car0,1,15.9,267.843,173.259,4
car0,2,15.9,267.1,174.603,4
car0,1,15.95,267.885,173.223,4
car0,2,15.95,266.941,174.625,4
car0,1,16,267.931,173.183,4
car0,2,16,266.905,174.63,4
car0,1,16.05,267.988,173.134,4
car0,2,16.05,266.889,174.633,4
car0,1,16.1,268.038,173.09,4
car0,2,16.1,266.885,174.633,4
car0,1,16.15,268.09,173.045,4
car0,2,16.15,266.907,174.63,4
car0,1,16.2,268.155,172.989,4
car0,2,16.2,267.096,174.604,4
car0,1,16.25,268.257,172.899,4
car0,3,16.3,266.898,175.049,4
car0,0,16.35,266.992,172.163,4
car0,3,16.35,266.885,175.047,4
car0,0,16.4,266.998,172.134,4
car0,3,16.4,266.89,175.047,4
car0,0,16.45,267.009,172.081,4
car0,3,16.45,266.906,175.05,4
car0,0,16.5,267.024,172.012,4
car0,3,16.5,266.949,175.056,4
car0,0,16.55,267.04,171.937,4
car0,3,16.55,267.102,175.077,4
car0,0,16.6,267.05,171.888,4
car0,0,16.65,267.062,171.834,4
car0,0,16.7,267.074,171.778,4
car0,4,16.7,266.843,175.551,4
car0,0,16.75,267.086,171.72,4
car0,4,16.75,266.846,175.554,4
car0,0,16.8,267.094,171.682,4
car0,4,16.8,266.869,175.574,4
car0,0,16.85,267.104,171.638,4
car0,4,16.85,266.898,175.599,4
car0,0,16.9,267.114,171.588,4
car0,4,16.9,266.926,175.623,4
car0,0,16.95,267.128,171.523,4
car0,4,16.95,266.962,175.654,4
car0,0,17,267.141,171.462,4
car0,4,17,267.003,175.69,4
car0,0,17.05,267.156,171.392,4
car0,4,17.05,267.063,175.742,4
car0,0,17.1,267.168,171.332,4
car0,4,17.1,267.143,175.812,4
car0,0,17.15,267.181,171.272,4
car0,4,17.15,267.177,175.841,4
car0,0,17.2,267.194,171.213,4
car0,4,17.2,267.226,175.884,4
car0,0,17.25,267.209,171.143,4
car0,4,17.25,267.301,175.949,4
car0,0,17.3,267.223,171.075,4
car0,5,17.3,266.724,176.255,4
car0,0,17.35,267.238,171.004,4
car0,5,17.35,266.733,176.298,4
car0,0,17.4,267.25,170.949,4
car0,5,17.4,266.745,176.354,4
car0,0,17.45,267.263,170.888,4
car0,5,17.45,266.756,176.408,4
car0,0,17.5,267.275,170.832,4
car0,5,17.5,266.769,176.47,4
car0,0,17.55,267.287,170.777,4
car0,5,17.55,266.78,176.522,4
car0,0,17.6,267.301,170.709,4
car0,5,17.6,266.793,176.581,4
car0,0,17.65,267.314,170.647,4
car0,5,17.65,266.805,176.639,4
car0,0,17.7,267.328,170.583,4
car0,5,17.7,266.817,176.695,4
car0,0,17.75,267.34,170.523,4
car0,5,17.75,266.831,176.761,4
car0,0,17.8,267.351,170.475,4
car0,5,17.8,266.843,176.819,4
car0,0,17.85,267.364,170.414,4
car0,5,17.85,266.856,176.879,4
car0,0,17.9,267.378,170.346,4
car0,5,17.9,266.87,176.943,4
car0,0,17.95,267.389,170.297,4
car0,5,17.95,266.884,177.008,4
car0,0,18,267.4,170.243,4
car0,5,18,266.898,177.075,4
car0,0,18.05,267.412,170.187,4
car0,5,18.05,266.909,177.129,4
car0,0,18.1,267.424,170.132,4
car0,5,18.1,266.922,177.187,4
car0,0,18.15,267.436,170.075,4
car0,5,18.15,266.934,177.246,4
car0,0,18.2,267.448,170.017,4
car0,5,18.2,266.947,177.307,4
car0,0,18.25,267.461,169.958,4
car0,5,18.25,266.959,177.362,4
car0,0,18.3,267.475,169.889,4
car0,5,18.3,266.972,177.425,4
car0,0,18.35,267.489,169.825,4
car0,5,18.35,266.985,177.486,4
car0,0,18.4,267.503,169.759,4
car0,5,18.4,266.996,177.539,4
car0,0,18.45,267.518,169.686,4
car0,5,18.45,267.008,177.593,4
car0,0,18.5,267.534,169.614,4
car0,5,18.5,267.019,177.645,4
car0,0,18.55,267.545,169.56,4
car0,5,18.55,267.031,177.701,4
car0,0,18.6,267.556,169.509,4
car0,5,18.6,267.042,177.752,4
car0,0,18.65,267.569,169.449,4
car0,5,18.65,267.054,177.809,4
car0,0,18.7,267.581,169.394,4
car0,5,18.7,267.066,177.863,4
car0,0,18.75,267.591,169.343,4
car0,5,18.75,267.076,177.913,4
car0,0,18.8,267.604,169.281,4
car0,5,18.8,267.087,177.963,4
car0,0,18.85,267.616,169.225,4
car0,5,18.85,267.099,178.023,4
car0,0,18.9,267.629,169.166,4
car0,5,18.9,267.111,178.079,4
car0,0,18.95,267.641,169.108,4
car0,5,18.95,267.124,178.14,4
car0,0,19,267.656,169.04,4
car0,5,19,267.138,178.206,4
car0,0,19.05,267.669,168.979,4
car0,5,19.05,267.151,178.263,4
car0,0,19.1,267.684,168.906,4
car0,5,19.1,267.165,178.332,4
car0,0,19.15,267.698,168.841,4
car0,5,19.15,267.18,178.401,4
car0,0,19.2,267.713,168.773,4
car0,5,19.2,267.193,178.461,4
car0,0,19.25,267.729,168.693,4
car0,5,19.25,267.206,178.525,4
car0,5,19.3,267.219,178.587,4
car0,5,19.35,267.233,178.651,4
car0,5,19.4,267.246,178.713,4
car0,5,19.45,267.261,178.784,4
car0,5,19.5,267.274,178.845,4
car0,5,19.55,267.288,178.91,4
car0,5,19.6,267.3,178.969,4
car0,5,19.65,267.315,179.035,4
car0,5,19.7,267.328,179.097,4
car0,5,19.75,267.338,179.146,4
car0,5,19.8,267.349,179.199,4
car0,5,19.85,267.36,179.248,4
car0,5,19.9,267.371,179.302,4
car0,5,19.95,267.383,179.359,4
car0,5,20,267.396,179.417,4
car0,5,20.05,267.408,179.476,4
car0,5,20.1,267.42,179.532,4
car0,5,20.15,267.434,179.597,4
car0,5,20.2,267.447,179.658,4
car0,5,20.25,267.461,179.725,4
car0,5,20.3,267.474,179.784,4
car0,5,20.35,267.486,179.843,4
car0,5,20.4,267.501,179.912,4
car0,5,20.45,267.514,179.971,4
car0,5,20.5,267.526,180.029,4
car0,5,20.55,267.538,180.086,4
car0,5,20.6,267.553,180.156,4
car0,5,20.65,267.566,180.216,4
car0,5,20.7,267.58,180.282,4
car0,5,20.75,267.594,180.348,4
car0,5,20.8,267.608,180.415,4
car0,5,20.85,267.621,180.475,4
car0,5,20.9,267.635,180.543,4
car0,5,20.95,267.651,180.618,4
car0,5,21,267.666,180.688,4
car0,5,21.05,267.682,180.764,4
car0,5,21.1,267.698,180.838,4
car0,0,21.15,267.733,168.676,4
car0,5,21.15,267.71,180.894,4
car0,0,21.2,267.721,168.734,5
car0,5,21.2,267.722,180.951,5
car0,0,21.25,267.708,168.796,5
car0,5,21.25,267.734,181.006,5
car0,0,21.3,267.694,168.858,5
car0,0,21.35,267.681,168.919,5
car0,0,21.4,267.666,168.992,5
car0,0,21.45,267.652,169.057,5
car0,5,21.45,267.737,181.021,5
car0,0,21.5,267.638,169.122,5
car0,5,21.5,267.723,180.955,5
car0,0,21.55,267.624,169.191,5
car0,5,21.55,267.711,180.902,5
car0,0,21.6,267.609,169.258,5
car0,5,21.6,267.698,180.841,5
car0,0,21.65,267.594,169.332,5
car0,5,21.65,267.686,180.784,5
car0,0,21.7,267.576,169.414,5
car0,5,21.7,267.674,180.726,5
car0,0,21.75,267.561,169.488,5
car0,5,21.75,267.662,180.668,5
car0,0,21.8,267.544,169.564,5
car0,5,21.8,267.651,180.616,5
car0,0,21.85,267.529,169.636,5
car0,5,21.85,267.639,180.56,5
car0,0,21.9,267.516,169.699,5
car0,5,21.9,267.626,180.502,5
car0,0,21.95,267.502,169.765,5
car0,5,21.95,267.616,180.454,5
car0,0,22,267.488,169.828,5
car0,5,22,267.607,180.409,5
car0,0,22.05,267.475,169.891,5
car0,5,22.05,267.595,180.356,5
car0,0,22.1,267.46,169.96,5
car0,5,22.1,267.584,180.303,5
car0,0,22.15,267.445,170.032,5
car0,5,22.15,267.572,180.246,5
car0,0,22.2,267.429,170.107,6
car0,5,22.2,267.561,180.195,6
car0,0,22.25,267.414,170.179,6
car0,5,22.25,267.551,180.145,6
car0,0,22.3,267.398,170.252,6
car0,5,22.3,267.541,180.101,6
car0,0,22.35,267.382,170.326,6
car0,5,22.35,267.531,180.052,6
car0,0,22.4,267.37,170.386,6
car0,5,22.4,267.52,180.004,6
car0,0,22.45,267.356,170.452,6
car0,5,22.45,267.51,179.954,6
car0,0,22.5,267.341,170.521,6
car0,5,22.5,267.497,179.892,6
car0,0,22.55,267.326,170.59,6
car0,5,22.55,267.484,179.831,6
car0,0,22.6,267.313,170.655,6
car0,5,22.6,267.472,179.775,6
car0,0,22.65,267.3,170.714,6
car0,5,22.65,267.461,179.724,6
car0,0,22.7,267.286,170.778,6
car0,5,22.7,267.449,179.666,6
car0,0,22.75,267.274,170.837,6
car0,5,22.75,267.437,179.612,6
car0,0,22.8,267.267,170.869,6
car0,5,22.8,267.425,179.556,6
car0,0,22.85,267.252,170.938,6
car0,5,22.85,267.415,179.506,6
car0,0,22.9,267.238,171.003,6
car0,5,22.9,267.404,179.457,6
car0,0,22.95,267.224,171.071,6
car0,5,22.95,267.393,179.405,6
car0,0,23,267.209,171.142,6
car0,5,23,267.381,179.349,6
car0,0,23.05,267.196,171.203,6
car0,5,23.05,267.371,179.3,6
car0,0,23.1,267.182,171.27,6
car0,5,23.1,267.36,179.247,6
car0,0,23.15,267.167,171.34,6
car0,5,23.15,267.35,179.201,6
car0,0,23.2,267.153,171.406,6
car0,5,23.2,267.339,179.149,6
car0,0,23.25,267.139,171.471,6
car0,5,23.25,267.326,179.09,6
car0,0,23.3,267.127,171.528,6
car0,5,23.3,267.313,179.026,6
car0,0,23.35,267.127,171.528,6
car0,5,23.35,267.3,178.967,6
car0,0,23.4,267.095,171.676,6
car0,5,23.4,267.29,178.918,6
car0,0,23.45,267.079,171.752,6
car0,5,23.45,267.28,178.871,6
car0,0,23.5,267.062,171.833,6
car0,5,23.5,267.269,178.822,6
car0,0,23.55,267.048,171.9,6
car0,5,23.55,267.257,178.764,6
car0,0,23.6,267.033,171.97,6
car0,5,23.6,267.246,178.711,6
car0,0,23.65,267.019,172.037,6
car0,5,23.65,267.236,178.667,6
car0,0,23.7,267.005,172.1,6
car0,5,23.7,267.225,178.613,6
car0,0,23.75,266.993,172.157,6
car0,5,23.75,267.214,178.563,6
car0,0,23.8,266.982,172.212,6
car0,5,23.8,267.204,178.513,6
car0,0,23.85,266.97,172.266,6
car0,5,23.85,267.193,178.465,6
car0,0,23.9,266.963,172.297,6
car0,5,23.9,267.183,178.418,6
car0,0,23.95,266.947,172.372,6
car0,5,23.95,267.173,178.371,6
car0,0,24,266.932,172.444,6
car0,5,24,267.161,178.312,6
car0,0,24.05,266.919,172.505,6
car0,5,24.05,267.149,178.257,6
car0,0,24.1,266.906,172.568,6
car0,5,24.1,267.138,178.207,6
car0,0,24.15,266.894,172.625,6
car0,5,24.15,267.13,178.166,6
car0,0,24.2,266.879,172.694,6
car0,5,24.2,267.12,178.12,6
car0,0,24.25,266.866,172.756,6
car0,5,24.25,267.108,178.064,6
car0,0,24.3,266.854,172.813,6
car0,5,24.3,267.095,178,6
car0,0,24.35,266.84,172.88,6
car0,5,24.35,267.081,177.935,6
car0,0,24.4,266.826,172.944,6
car0,5,24.4,267.068,177.874,6
car0,0,24.45,266.812,173.011,6
car0,5,24.45,267.058,177.826,6
car0,0,24.5,266.8,173.065,6
car0,5,24.5,267.048,177.782,6
car0,0,24.55,266.786,173.133,6
car0,5,24.55,267.039,177.74,6
car0,0,24.6,266.773,173.191,6
car0,5,24.6,267.024,177.668,6
car0,0,24.65,266.759,173.257,6
car0,5,24.65,267.01,177.603,6
car0,0,24.7,266.748,173.309,6
car0,5,24.7,267,177.555,6
car0,0,24.75,266.738,173.358,6
car0,5,24.75,266.993,177.521,6
car0,5,24.8,266.982,177.47,6
car0,1,24.85,267.287,173.743,6
car0,5,24.85,266.97,177.416,6
car0,1,24.9,267.235,173.788,6
car0,5,24.9,266.963,177.379,6
car0,1,24.95,267.189,173.828,6
car0,4,24.95,268.226,176.753,6
car0,1,25,267.083,173.92,6
car0,4,25,268.189,176.721,6
car0,1,25.05,267.025,173.971,6
car0,4,25.05,268.169,176.704,6
car0,1,25.1,266.984,174.006,6
car0,4,25.1,268.126,176.667,6
car0,1,25.15,266.946,174.04,6
car0,4,25.15,268.054,176.604,6
car0,1,25.2,266.909,174.071,6
car0,4,25.2,268.008,176.564,6
car0,1,25.25,266.878,174.098,6
car0,4,25.25,267.974,176.534,6
car0,1,25.3,266.854,174.119,6
car0,4,25.3,267.947,176.511,6
car0,1,25.35,266.848,174.124,6
car0,4,25.35,267.851,176.428,6
car0,4,25.4,267.799,176.382,6
car0,4,25.45,267.76,176.348,6
car0,2,25.5,267.105,174.602,6
car0,4,25.5,267.729,176.321,6
car0,2,25.55,266.938,174.626,6
car0,4,25.55,267.692,176.289,6
car0,2,25.6,266.906,174.63,6
car0,4,25.6,267.669,176.269,6
car0,2,25.65,266.889,174.633,6
car0,4,25.65,267.628,176.234,6
car0,2,25.7,266.886,174.633,6
car0,4,25.7,267.605,176.213,6
car0,2,25.75,266.914,174.629,6
car0,4,25.75,267.571,176.184,6
car0,2,25.8,267.12,174.6,6
car0,4,25.8,267.543,176.16,6
car0,3,25.85,267.083,175.075,6
car0,4,25.85,267.512,176.133,6
car0,3,25.9,266.891,175.048,6
car0,4,25.9,267.487,176.111,6
car0,3,25.95,266.886,175.047,6
car0,4,25.95,267.462,176.089,6
car0,3,26,266.892,175.048,6
car0,4,26,267.438,176.069,6
car0,3,26.05,266.908,175.05,6
car0,4,26.05,267.415,176.049,6
car0,3,26.1,266.96,175.057,6
car0,4,26.1,267.392,176.028,6
car0,3,26.15,267.105,175.078,6
car0,4,26.15,267.375,176.014,6
car0,4,26.2,267.362,176.003,6
car0,4,26.25,267.402,176.037,6
car0,4,26.3,266.84,175.549,6
car0,4,26.35,266.859,175.565,6
car0,4,26.4,266.888,175.59,6
car0,3,26.45,267.771,175.171,6
car0,4,26.45,266.919,175.618,6
car0,3,26.5,267.629,175.151,6
car0,4,26.5,266.959,175.652,6
car0,3,26.55,267.574,175.144,6
car0,4,26.55,266.999,175.687,6
car0,3,26.6,267.558,175.141,6
car0,4,26.6,267.054,175.734,6
car0,3,26.65,267.542,175.139,6
car0,4,26.65,267.145,175.814,6
car0,3,26.7,267.529,175.137,6
car0,4,26.7,267.183,175.846,6
car0,3,26.75,267.517,175.136,6
car0,4,26.75,267.228,175.886,6
car0,3,26.8,267.51,175.135,6
car0,4,26.8,267.309,175.957,6
car0,3,26.85,267.505,175.134,7
car0,5,26.85,266.725,176.259,7
car0,3,26.9,267.502,175.133,7
car0,5,26.9,266.734,176.304,7
car0,3,26.95,267.504,175.134,7
car0,5,26.95,266.747,176.365,7
car0,3,27,267.508,175.134,7
car0,5,27,266.758,176.418,7
car0,2,27.05,267.715,174.517,7
car0,3,27.05,267.525,175.137,7
car0,5,27.05,266.772,176.481,7
car0,2,27.1,267.517,174.544,8
car0,3,27.1,267.599,175.147,8
car0,5,27.1,266.784,176.54,8
car0,2,27.15,267.504,174.546,8
car0,5,27.15,266.799,176.61,8
car0,2,27.2,267.504,174.546,8
car0,5,27.2,266.812,176.673,8
car0,2,27.25,267.506,174.546,8
car0,5,27.25,266.825,176.731,8
car0,2,27.3,267.511,174.545,8
car0,5,27.3,266.838,176.794,8
car0,2,27.35,267.518,174.544,8
car0,5,27.35,266.85,176.851,8
car0,2,27.4,267.529,174.543,8
car0,5,27.4,266.863,176.909,8
car0,2,27.45,267.543,174.541,8
car0,5,27.45,266.878,176.98,8
car0,2,27.5,267.561,174.538,8
car0,5,27.5,266.893,177.052,8
car0,2,27.55,267.579,174.536,8
car0,5,27.55,266.905,177.108,8
car0,2,27.6,267.609,174.532,8
car0,5,27.6,266.918,177.168,8
car0,2,27.65,267.669,174.523,8
car0,5,27.65,266.932,177.237,8
car0,2,27.7,267.827,174.501,8
car0,5,27.7,266.947,177.307,8
car0,5,27.75,266.962,177.375,8
car0,5,27.8,266.975,177.438,8
car0,5,27.85,266.989,177.503,8
car0,1,27.9,267.393,173.65,8
car0,5,27.9,266.999,177.55,8
car0,1,27.95,267.383,173.659,8
car0,5,27.95,267.011,177.608,8
car0,1,28,267.398,173.646,8
car0,5,28,267.022,177.66,8
car0,1,28.05,267.42,173.627,8
car0,5,28.05,267.033,177.713,8
car0,1,28.1,267.442,173.608,8
car0,5,28.1,267.046,177.771,8
car0,1,28.15,267.469,173.584,8
car0,5,28.15,267.058,177.83,8
car0,1,28.2,267.489,173.567,8
car0,5,28.2,267.072,177.894,8
car0,1,28.25,267.518,173.542,8
car0,5,28.25,267.083,177.947,8
car0,1,28.3,267.547,173.517,8
car0,5,28.3,267.095,178,8
car0,1,28.35,267.57,173.497,8
car0,5,28.35,267.108,178.065,8
car0,1,28.4,267.607,173.465,8
car0,5,28.4,267.121,178.123,8
car0,1,28.45,267.634,173.441,8
car0,5,28.45,267.133,178.182,8
car0,1,28.5,267.669,173.41,8
car0,5,28.5,267.146,178.243,8
car0,1,28.55,267.698,173.385,8
car0,5,28.55,267.16,178.307,8
car0,1,28.6,267.731,173.357,8
car0,5,28.6,267.174,178.372,8
car0,1,28.65,267.762,173.33,8
car0,5,28.65,267.189,178.444,8
car0,1,28.7,267.797,173.299,8
car0,5,28.7,267.205,178.522,8
car0,1,28.75,267.835,173.267,8
car0,5,28.75,267.22,178.588,8
car0,1,28.8,267.86,173.244,8
car0,5,28.8,267.235,178.66,8
car0,1,28.85,267.894,173.216,8
car0,5,28.85,267.25,178.731,8
car0,1,28.9,267.929,173.185,8
car0,5,28.9,267.267,178.809,8
car0,1,28.95,267.977,173.143,8
car0,5,28.95,267.281,178.876,8
car0,1,29,268.026,173.1,8
car0,5,29,267.295,178.942,8
car0,1,29.05,268.064,173.067,8
car0,5,29.05,267.309,179.011,8
car0,1,29.1,268.106,173.031,8
car0,5,29.1,267.322,179.07,8
car0,1,29.15,268.173,172.973,8
car0,5,29.15,267.334,179.125,8
car0,1,29.2,268.263,172.895,8
car0,5,29.2,267.345,179.176,8
car0,5,29.25,267.358,179.239,8
car0,5,29.3,267.369,179.293,8
car0,0,29.35,266.993,172.157,8
car0,5,29.35,267.383,179.355,8
car0,0,29.4,267,172.126,8
car0,5,29.4,267.395,179.416,8
car0,0,29.45,267.009,172.081,8
car0,5,29.45,267.409,179.481,8
car0,0,29.5,267.021,172.027,8
car0,5,29.5,267.421,179.538,8
car0,0,29.55,267.035,171.959,8
car0,5,29.55,267.436,179.605,8
car0,0,29.6,267.046,171.908,8
car0,5,29.6,267.449,179.667,8
car0,0,29.65,267.053,171.876,8
car0,5,29.65,267.462,179.727,8
car0,0,29.7,267.062,171.833,8
car0,5,29.7,267.477,179.798,8
car0,0,29.75,267.071,171.789,8
car0,5,29.75,267.491,179.865,8
car0,0,29.8,267.084,171.731,8
car0,5,29.8,267.504,179.925,8
car0,0,29.85,267.091,171.696,8
car0,5,29.85,267.519,179.995,8
car0,0,29.9,267.098,171.663,8
car0,5,29.9,267.534,180.066,8
car0,0,29.95,267.107,171.62,8
car0,5,29.95,267.547,180.127,8
car0,0,30,267.118,171.571,8
car0,5,30,267.562,180.197,8
car0,0,30.05,267.128,171.521,8
car0,5,30.05,267.577,180.27,8
car0,0,30.1,267.138,171.473,8
car0,5,30.1,267.59,180.333,8
car0,0,30.15,267.151,171.415,8
car0,5,30.15,267.606,180.407,8
car0,0,30.2,267.161,171.368,8
car0,5,30.2,267.622,180.482,8
car0,0,30.25,267.171,171.32,8
car0,5,30.25,267.639,180.562,8
car0,0,30.3,267.182,171.27,8
car0,5,30.3,267.657,180.644,8
car0,0,30.35,267.193,171.217,8
car0,5,30.35,267.674,180.725,8
car0,0,30.4,267.204,171.165,8
car0,5,30.4,267.69,180.802,8
car0,0,30.45,267.217,171.105,8
car0,5,30.45,267.705,180.873,8
car0,0,30.5,267.229,171.046,8
car0,5,30.5,267.72,180.944,8
car0,0,30.55,267.241,170.992,8
car0,5,30.55,267.735,181.012,8
car0,0,30.6,267.252,170.94,8
car0,0,30.65,267.263,170.888,8
car0,0,30.7,267.273,170.842,8
car0,0,30.75,267.284,170.787,8
car0,0,30.8,267.295,170.735,8
car0,5,30.8,267.731,180.994,8
car0,0,30.85,267.307,170.679,8
car0,5,30.85,267.718,180.931,8
car0,0,30.9,267.32,170.621,8
car0,5,30.9,267.704,180.868,8
car0,0,30.95,267.331,170.566,8
car0,5,30.95,267.69,180.804,8
car0,0,31,267.342,170.518,8
car0,5,31,267.677,180.739,8
car0,0,31.05,267.352,170.467,8
car0,5,31.05,267.664,180.679,8
car0,0,31.1,267.363,170.419,8
car0,5,31.1,267.653,180.627,8
car0,0,31.15,267.374,170.364,8
car0,5,31.15,267.64,180.566,8
car0,0,31.2,267.385,170.315,8
car0,5,31.2,267.628,180.509,8
car0,0,31.25,267.393,170.275,8
car0,5,31.25,267.616,180.452,8
car0,0,31.3,267.403,170.23,8
car0,5,31.3,267.605,180.401,8
car0,0,31.35,267.412,170.185,8
car0,5,31.35,267.594,180.352,8
car0,0,31.4,267.423,170.136,8
car0,5,31.4,267.582,180.294,8
car0,0,31.45,267.432,170.09,8
car0,5,31.45,267.571,180.24,8
car0,0,31.5,267.444,170.034,9
car0,5,31.5,267.558,180.18,9
car0,0,31.55,267.455,169.986,9
car0,5,31.55,267.548,180.132,9
car0,0,31.6,267.467,169.928,9
car0,5,31.6,267.538,180.085,9
car0,0,31.65,267.478,169.875,9
car0,5,31.65,267.526,180.031,9
car0,0,31.7,267.491,169.814,9
car0,5,31.7,267.518,179.992,9
car0,0,31.75,267.503,169.761,9
car0,5,31.75,267.506,179.936,9
car0,0,31.8,267.516,169.697,9
car0,5,31.8,267.493,179.873,9
car0,0,31.85,267.531,169.627,9
car0,5,31.85,267.478,179.806,9
car0,0,31.9,267.539,169.59,9
car0,5,31.9,267.465,179.744,9
car0,0,31.95,267.529,169.638,9
car0,5,31.95,267.453,179.686,9
car0,0,32,267.515,169.704,9
car0,5,32,267.44,179.625,9
car0,0,32.05,267.501,169.766,9
car0,5,32.05,267.429,179.572,9
car0,0,32.1,267.487,169.833,9
car0,5,32.1,267.417,179.515,9
car0,0,32.15,267.473,169.899,9
car0,5,32.15,267.405,179.459,9
car0,0,32.2,267.458,169.969,9
car0,5,32.2,267.393,179.405,9
car0,0,32.25,267.443,170.039,9
car0,5,32.25,267.383,179.356,9
car0,0,32.3,267.43,170.101,9
car0,5,32.3,267.373,179.309,9
car0,0,32.35,267.416,170.166,9
car0,5,32.35,267.363,179.261,9
car0,0,32.4,267.401,170.236,9
car0,5,32.4,267.352,179.211,9
car0,0,32.45,267.388,170.301,9
car0,5,32.45,267.342,179.163,9
car0,0,32.5,267.373,170.368,9
car0,5,32.5,267.329,179.105,9
car0,0,32.55,267.36,170.43,9
car0,5,32.55,267.316,179.044,9
car0,0,32.6,267.348,170.489,9
car0,5,32.6,267.304,178.986,9
car0,0,32.65,267.335,170.549,9
car0,5,32.65,267.293,178.933,9
car0,0,32.7,267.323,170.606,9
car0,5,32.7,267.281,178.879,9
car0,0,32.75,267.312,170.658,9
car0,5,32.75,267.271,178.83,9
car0,0,32.8,267.298,170.722,10
car0,5,32.8,267.259,178.775,10
car0,0,32.85,267.285,170.784,10
car0,5,32.85,267.247,178.718,10
car0,0,32.9,267.275,170.831,10
car0,5,32.9,267.237,178.67,10
car0,0,32.95,267.269,170.857,10
car0,5,32.95,267.226,178.617,10
car0,0,33,267.257,170.917,10
car0,5,33,267.214,178.564,10
car0,0,33.05,267.243,170.982,10
car0,5,33.05,267.202,178.505,10
car0,0,33.1,267.231,171.039,10
car0,5,33.1,267.19,178.45,10
car0,0,33.15,267.218,171.098,10
car0,5,33.15,267.179,178.399,10
car0,0,33.2,267.205,171.161,10
car0,5,33.2,267.17,178.353,10
car0,0,33.25,267.192,171.221,10
car0,5,33.25,267.156,178.289,10
car0,0,33.3,267.178,171.285,10
car0,5,33.3,267.145,178.238,10
car0,0,33.35,267.165,171.35,10
car0,5,33.35,267.134,178.187,10
car0,0,33.4,267.151,171.413,10
car0,5,33.4,267.124,178.136,10
car0,0,33.45,267.137,171.48,10
car0,5,33.45,267.113,178.086,10
car0,0,33.5,267.124,171.541,10
car0,5,33.5,267.098,178.016,10
car0,0,33.55,267.108,171.617,10
car0,5,33.55,267.084,177.949,10
car0,0,33.6,267.093,171.688,10
car0,5,33.6,267.071,177.89,10
car0,0,33.65,267.078,171.758,10
car0,5,33.65,267.059,177.831,10
car0,0,33.7,267.062,171.831,10
car0,5,33.7,267.049,177.787,10
car0,0,33.75,267.047,171.906,10
car0,5,33.75,267.039,177.739,10
car0,0,33.8,267.031,171.978,10
car0,5,33.8,267.024,177.668,10
car0,0,33.85,267.017,172.043,10
car0,5,33.85,267.011,177.605,10
car0,0,33.9,267.006,172.098,10
car0,5,33.9,266.999,177.552,10
car0,0,33.95,266.994,172.153,10
car0,5,33.95,266.993,177.52,10
car0,0,34,266.981,172.214,10
car0,5,34,266.98,177.463,10
car0,0,34.05,266.97,172.265,10
car0,5,34.05,266.968,177.407,10
car0,0,34.1,266.964,172.292,10
car0,4,34.1,268.26,176.783,10
car0,5,34.1,266.961,177.37,10
car0,0,34.15,266.95,172.36,11
car0,4,34.15,268.21,176.739,11
car0,0,34.2,266.936,172.425,11
car0,4,34.2,268.176,176.71,11
car0,0,34.25,266.923,172.487,11
car0,4,34.25,268.152,176.689,11
car0,0,34.3,266.911,172.542,11
car0,4,34.3,268.074,176.621,11
car0,0,34.35,266.899,172.598,11
car0,4,34.35,268.016,176.571,11
car0,0,34.4,266.885,172.666,11
car0,4,34.4,267.978,176.538,11
car0,0,34.45,266.871,172.73,11
car0,4,34.45,267.948,176.512,11
car0,0,34.5,266.858,172.791,11
car0,4,34.5,267.857,176.433,11
car0,0,34.55,266.847,172.844,11
car0,4,34.55,267.8,176.383,11
car0,0,34.6,266.835,172.902,11
car0,4,34.6,267.76,176.348,11
car0,0,34.65,266.82,172.971,11
car0,4,34.65,267.731,176.323,11
car0,0,34.7,266.808,173.027,11
car0,4,34.7,267.689,176.287,11
car0,0,34.75,266.795,173.09,11
car0,4,34.75,267.655,176.257,11
car0,0,34.8,266.782,173.152,11
car0,4,34.8,267.619,176.226,11
car0,0,34.85,266.769,173.209,11
car0,4,34.85,267.584,176.196,11
car0,0,34.9,266.758,173.262,11
car0,4,34.9,267.558,176.173,11
car0,0,34.95,266.748,173.31,11
car0,4,34.95,267.524,176.143,11
car0,0,35,266.74,173.35,11
car0,4,35,267.498,176.121,11
car0,0,35.05,266.735,173.372,11
car0,4,35.05,267.472,176.098,11
car0,1,35.1,267.31,173.723,11
car0,4,35.1,267.446,176.075,11
car0,1,35.15,267.257,173.769,11
car0,4,35.15,267.421,176.054,11
car0,1,35.2,267.214,173.806,11
car0,4,35.2,267.397,176.033,11
car0,1,35.25,267.176,173.839,11
car0,4,35.25,267.379,176.017,11
car0,1,35.3,267.073,173.929,11
car0,4,35.3,267.362,176.003,11
car0,1,35.35,267.026,173.97,11
car0,4,35.35,267.376,176.014,11
car0,1,35.4,266.982,174.008,11
car0,1,35.45,266.946,174.039,11
car0,1,35.5,266.911,174.07,11
car0,1,35.55,266.883,174.094,11
car0,3,35.55,267.772,175.171,11
car0,1,35.6,266.857,174.117,11
car0,3,35.6,267.62,175.15,11
car0,1,35.65,266.847,174.125,11
car0,3,35.65,267.566,175.142,11
car0,3,35.7,267.546,175.14,11
car0,3,35.75,267.53,175.137,11
car0,2,35.8,267.122,174.6,11
car0,3,35.8,267.519,175.136,11
car0,2,35.85,266.953,174.624,11
car0,3,35.85,267.51,175.135,11
car0,2,35.9,266.911,174.63,11
car0,3,35.9,267.506,175.134,11
car0,2,35.95,266.892,174.632,11
car0,3,35.95,267.504,175.134,11
car0,2,36,266.886,174.633,11
car0,3,36,267.505,175.134,11
car0,2,36.05,266.894,174.632,11
car0,3,36.05,267.508,175.134,11
car0,2,36.1,266.993,174.618,11
car0,3,36.1,267.525,175.137,11
car0,2,36.15,267.519,174.544,11
car0,3,36.15,267.593,175.146,11
car0,2,36.2,267.506,174.546,11
car0,3,36.2,266.907,175.05,11
car0,2,36.25,267.505,174.546,11
car0,3,36.25,266.886,175.047,11
car0,2,36.3,267.507,174.546,11
car0,3,36.3,266.889,175.047,11
car0,2,36.35,267.511,174.545,11
car0,3,36.35,266.903,175.049,11
car0,2,36.4,267.518,174.544,11
car0,3,36.4,266.935,175.054,11
car0,2,36.45,267.529,174.543,11
car0,3,36.45,267.042,175.069,11
car0,2,36.5,267.542,174.541,11
car0,3,36.5,267.162,175.086,11
car0,2,36.55,267.561,174.538,11
car0,2,36.6,267.582,174.535,11
car0,4,36.6,266.856,175.562,11
car0,2,36.65,267.616,174.531,11
car0,4,36.65,266.842,175.551,11
car0,2,36.7,267.679,174.522,11
car0,4,36.7,266.864,175.57,11
car0,2,36.75,267.833,174.5,11
car0,4,36.75,266.889,175.591,11
car0,4,36.8,266.923,175.621,11
car0,4,36.85,266.953,175.647,11
car0,4,36.9,266.989,175.678,11
car0,1,36.95,267.383,173.659,11
car0,4,36.95,267.033,175.717,11
car0,1,37,267.391,173.652,11
car0,4,37,267.105,175.779,11
car0,1,37.05,267.414,173.632,11
car0,4,37.05,267.165,175.831,11
car0,1,37.1,267.438,173.612,11
car0,4,37.1,267.203,175.864,11
car0,1,37.15,267.463,173.59,11
car0,4,37.15,267.257,175.911,11
car0,1,37.2,267.491,173.566,11
car0,5,37.2,266.721,176.245,11
car0,1,37.25,267.519,173.541,11
car0,5,37.25,266.727,176.272,11
car0,1,37.3,267.55,173.514,11
car0,5,37.3,266.737,176.316,11
car0,1,37.35,267.577,173.491,11
car0,5,37.35,266.75,176.379,11
car0,1,37.4,267.612,173.46,11
car0,5,37.4,266.761,176.43,11
car0,1,37.45,267.646,173.431,11
car0,5,37.45,266.774,176.492,11
car0,1,37.5,267.678,173.403,11
car0,5,37.5,266.785,176.543,11
car0,1,37.55,267.712,173.374,11
car0,5,37.55,266.799,176.607,11
car0,1,37.6,267.746,173.343,11
car0,5,37.6,266.811,176.664,11
car0,1,37.65,267.78,173.314,11
car0,5,37.65,266.823,176.724,11
car0,1,37.7,267.817,173.282,11
car0,5,37.7,266.837,176.787,11
car0,1,37.75,267.851,173.253,11
car0,5,37.75,266.849,176.844,11
car0,1,37.8,267.89,173.219,11
car0,5,37.8,266.861,176.903,11
car0,1,37.85,267.927,173.187,11
car0,5,37.85,266.875,176.969,11
car0,1,37.9,267.972,173.147,11
car0,5,37.9,266.89,177.038,11
car0,1,37.95,268.025,173.101,11
car0,5,37.95,266.901,177.092,11
car0,1,38,268.063,173.069,11
car0,5,38,266.914,177.15,11
car0,1,38.05,268.115,173.023,11
car0,5,38.05,266.927,177.212,11
car0,1,38.1,268.195,172.954,11
car0,5,38.1,266.94,177.271,11
car0,1,38.15,268.376,172.796,11
car0,5,38.15,266.954,177.337,11
car0,5,38.2,266.967,177.4,11
car0,0,38.25,266.992,172.162,11
car0,5,38.25,266.98,177.462,11
car0,0,38.3,266.997,172.14,11
car0,5,38.3,266.994,177.525,11
car0,0,38.35,267.007,172.093,11
car0,5,38.35,267.003,177.571,11
car0,0,38.4,267.019,172.037,11
car0,5,38.4,267.014,177.622,11
car0,0,38.45,267.033,171.967,11
car0,5,38.45,267.026,177.68,11
car0,0,38.5,267.047,171.905,11
car0,5,38.5,267.038,177.734,11
car0,0,38.55,267.055,171.867,11
car0,5,38.55,267.051,177.795,11
car0,0,38.6,267.065,171.819,11
car0,5,38.6,267.064,177.856,11
car0,0,38.65,267.078,171.76,11
car0,5,38.65,267.076,177.911,11
car0,0,38.7,267.088,171.71,11
car0,5,38.7,267.086,177.96,11
car0,0,38.75,267.096,171.675,11
car0,5,38.75,267.097,178.013,11
car0,0,38.8,267.104,171.636,11
car0,5,38.8,267.111,178.077,11
car0,0,38.85,267.114,171.591,11
car0,5,38.85,267.125,178.141,11
car0,0,38.9,267.124,171.54,11
car0,5,38.9,267.138,178.205,11
car0,0,38.95,267.137,171.48,11
car0,5,38.95,267.153,178.274,11
car0,0,39,267.151,171.416,11
car0,5,39,267.166,178.334,11
car0,0,39.05,267.162,171.365,11
car0,5,39.05,267.18,178.402,11
car0,0,39.1,267.171,171.321,11
car0,5,39.1,267.193,178.465,11
car0,0,39.15,267.182,171.267,11
car0,5,39.15,267.208,178.531,11
car0,0,39.2,267.193,171.215,11
car0,5,39.2,267.222,178.6,11
car0,0,39.25,267.204,171.163,11
car0,5,39.25,267.238,178.677,11
car0,0,39.3,267.216,171.108,11
car0,5,39.3,267.253,178.747,11
car0,0,39.35,267.23,171.042,11
car0,5,39.35,267.266,178.806,11
car0,0,39.4,267.242,170.984,11
car0,5,39.4,267.281,178.876,11
car0,0,39.45,267.254,170.928,11
car0,5,39.45,267.294,178.938,11
car0,0,39.5,267.266,170.875,11
car0,5,39.5,267.308,179.004,11
car0,0,39.55,267.276,170.827,11
car0,5,39.55,267.321,179.066,11
car0,0,39.6,267.287,170.777,11
car0,5,39.6,267.332,179.115,11
car0,0,39.65,267.299,170.719,11
car0,5,39.65,267.343,179.168,11
car0,0,39.7,267.311,170.66,11
car0,5,39.7,267.354,179.219,11
car0,0,39.75,267.325,170.597,11
car0,5,39.75,267.365,179.274,11
car0,0,39.8,267.337,170.541,11
car0,5,39.8,267.376,179.324,11
car0,0,39.85,267.347,170.492,11
car0,5,39.85,267.387,179.377,11
car0,0,39.9,267.358,170.439,11
car0,5,39.9,267.4,179.439,11
car0,0,39.95,267.371,170.381,11
car0,5,39.95,267.413,179.497,11
car0,0,40,267.383,170.323,11
car0,5,40,267.425,179.553,11
car0,0,40.05,267.392,170.282,11
car0,5,40.05,267.437,179.612,11
car0,0,40.1,267.402,170.233,11
car0,5,40.1,267.449,179.666,11
car0,0,40.15,267.412,170.188,11
car0,5,40.15,267.463,179.734,11
car0,0,40.2,267.421,170.143,11
car0,5,40.2,267.476,179.792,11
car0,0,40.25,267.431,170.095,11
car0,5,40.25,267.488,179.852,11
car0,0,40.3,267.444,170.037,11
car0,5,40.3,267.502,179.918,11
car0,0,40.35,267.457,169.977,11
car0,5,40.35,267.514,179.973,11
car0,0,40.4,267.47,169.913,11
car0,5,40.4,267.529,180.045,11
car0,0,40.45,267.482,169.857,11
car0,5,40.45,267.544,180.113,11
car0,0,40.5,267.496,169.791,11
car0,5,40.5,267.557,180.176,11
car0,0,40.55,267.511,169.72,11
car0,5,40.55,267.572,180.246,11
car0,0,40.6,267.525,169.653,11
car0,5,40.6,267.585,180.308,11
car0,0,40.65,267.538,169.595,11
car0,5,40.65,267.6,180.376,11
car0,0,40.7,267.546,169.555,11
car0,5,40.7,267.613,180.438,11
car0,0,40.75,267.557,169.506,11
car0,5,40.75,267.627,180.506,11
car0,0,40.8,267.568,169.454,11
car0,5,40.8,267.643,180.579,11
car0,0,40.85,267.577,169.409,11
car0,5,40.85,267.659,180.657,11
car0,0,40.9,267.588,169.36,11
car0,5,40.9,267.674,180.728,11
car0,0,40.95,267.599,169.306,11
car0,5,40.95,267.69,180.803,11
car0,0,41,267.609,169.258,11
car0,5,41,267.706,180.875,11
car0,0,41.05,267.621,169.203,11
car0,5,41.05,267.72,180.944,11
car0,0,41.1,267.633,169.147,11
car0,5,41.1,267.735,181.012,11
car0,0,41.15,267.646,169.085,11
car0,0,41.2,267.66,169.021,11
car0,0,41.25,267.673,168.96,11
car0,0,41.3,267.687,168.894,11
car0,0,41.35,267.7,168.829,11
car0,0,41.4,267.714,168.765,11
car0,0,41.45,267.728,168.702,11
car0,0,41.5,267.728,168.699,11
car0,0,41.55,267.718,168.746,11
car0,0,41.6,267.707,168.798,11
car0,0,41.65,267.698,168.843,11
car0,0,41.7,267.687,168.891,11
car0,0,41.75,267.677,168.938,11
car0,0,41.8,267.665,168.998,11
car0,5,41.8,267.734,181.007,11
car0,0,41.85,267.652,169.055,11
car0,5,41.85,267.722,180.953,11
car0,0,41.9,267.64,169.113,11
car0,5,41.9,267.712,180.903,11
car0,0,41.95,267.628,169.17,11
car0,5,41.95,267.699,180.846,11
car0,0,42,267.617,169.223,11
car0,5,42,267.689,180.795,11
car0,0,42.05,267.606,169.275,11
car0,5,42.05,267.678,180.745,11
car0,0,42.1,267.594,169.331,11
car0,5,42.1,267.667,180.693,11
car0,0,42.15,267.581,169.39,11
car0,5,42.15,267.655,180.637,11
car0,0,42.2,267.568,169.451,11
car0,5,42.2,267.644,180.583,11
car0,0,42.25,267.558,169.501,11
car0,5,42.25,267.632,180.531,11
car0,0,42.3,267.547,169.553,12
car0,5,42.3,267.622,180.483,12
car0,0,42.35,267.534,169.611,12
car0,5,42.35,267.611,180.431,12
car0,0,42.4,267.524,169.66,12
car0,5,42.4,267.602,180.387,12
car0,0,42.45,267.511,169.718,13
car0,5,42.45,267.593,180.345,13
car0,0,42.5,267.501,169.767,13
car0,5,42.5,267.583,180.299,13
car0,0,42.55,267.49,169.817,13
car0,5,42.55,267.572,180.247,13
car0,0,42.6,267.478,169.877,13
car0,5,42.6,267.56,180.191,13
car0,0,42.65,267.467,169.927,13
car0,5,42.65,267.549,180.139,13
car0,0,42.7,267.457,169.975,13
car0,5,42.7,267.538,180.088,13
car0,0,42.75,267.447,170.024,13
car0,5,42.75,267.53,180.048,13
car0,0,42.8,267.435,170.077,13
car0,5,42.8,267.521,180.007,13
car0,0,42.85,267.423,170.133,13
car0,5,42.85,267.512,179.965,13
car0,0,42.9,267.413,170.183,13
car0,5,42.9,267.502,179.918,13
car0,0,42.95,267.402,170.235,13
car0,5,42.95,267.489,179.856,13
car0,0,43,267.39,170.288,13
car0,5,43,267.477,179.798,13
car0,0,43.05,267.38,170.338,13
car0,5,43.05,267.465,179.743,13
car0,0,43.1,267.369,170.389,13
car0,5,43.1,267.453,179.688,13
car0,0,43.15,267.358,170.44,13
car0,5,43.15,267.443,179.641,13
car0,0,43.2,267.348,170.487,13
car0,5,43.2,267.433,179.591,13
car0,0,43.25,267.338,170.536,13
car0,5,43.25,267.422,179.539,13
car0,0,43.3,267.327,170.584,13
car0,5,43.3,267.409,179.478,13
car0,0,43.35,267.317,170.634,13
car0,5,43.35,267.399,179.432,13
car0,0,43.4,267.306,170.686,13
car0,5,43.4,267.388,179.38,13
car0,0,43.45,267.297,170.728,13
car0,5,43.45,267.378,179.336,13
car0,0,43.5,267.288,170.772,13
car0,5,43.5,267.369,179.292,13
car0,0,43.55,267.278,170.815,13
car0,5,43.55,267.359,179.245,13
car0,0,43.6,267.271,170.852,13
car0,5,43.6,267.35,179.201,13
car0,0,43.65,267.264,170.881,13
car0,5,43.65,267.339,179.152,13
car0,0,43.7,267.255,170.927,13
car0,5,43.7,267.327,179.095,13
car0,0,43.75,267.245,170.972,13
car0,5,43.75,267.315,179.037,13
car0,0,43.8,267.234,171.025,13
car0,5,43.8,267.303,178.978,13
car0,0,43.85,267.222,171.081,13
car0,5,43.85,267.292,178.929,13
car0,0,43.9,267.211,171.132,13
car0,5,43.9,267.281,178.877,13
car0,0,43.95,267.2,171.184,13
car0,5,43.95,267.271,178.831,13
car0,0,44,267.188,171.239,13
car0,5,44,267.259,178.775,13
car0,0,44.05,267.177,171.291,13
car0,5,44.05,267.248,178.723,13
car0,0,44.1,267.167,171.338,13
car0,5,44.1,267.239,178.678,13
car0,0,44.15,267.158,171.382,13
car0,5,44.15,267.229,178.631,13
car0,0,44.2,267.147,171.431,13
car0,5,44.2,267.218,178.581,13
car0,0,44.25,267.137,171.481,13
car0,5,44.25,267.208,178.534,13
car0,0,44.3,267.125,171.535,13
car0,5,44.3,267.198,178.487,13
car0,0,44.35,267.115,171.583,13
car0,5,44.35,267.187,178.436,13
car0,0,44.4,267.103,171.639,13
car0,5,44.4,267.177,178.388,13
car0,0,44.45,267.09,171.703,13
car0,5,44.45,267.168,178.345,13
car0,0,44.5,267.078,171.758,13
car0,5,44.5,267.155,178.286,13
car0,0,44.55,267.066,171.815,13
car0,5,44.55,267.145,178.239,13
car0,0,44.6,267.055,171.867,13
car0,5,44.6,267.136,178.196,13
car0,0,44.65,267.043,171.924,13
car0,5,44.65,267.127,178.155,13
car0,0,44.7,267.031,171.978,13
car0,5,44.7,267.117,178.106,13
car0,0,44.75,267.019,172.035,13
car0,5,44.75,267.106,178.052,13
car0,0,44.8,267.007,172.09,13
car0,5,44.8,267.093,177.991,13
car0,0,44.85,266.998,172.134,13
car0,5,44.85,267.081,177.935,13
car0,0,44.9,266.989,172.178,13
car0,5,44.9,267.069,177.882,13
car0,0,44.95,266.98,172.22,13
car0,5,44.95,267.06,177.837,13
car0,0,45,266.972,172.259,13
car0,5,45,267.051,177.794,13
car0,0,45.05,266.965,172.291,13
car0,5,45.05,267.044,177.763,13
car0,0,45.1,266.957,172.325,13
car0,5,45.1,267.031,177.703,13
car0,0,45.15,266.945,172.383,13
car0,5,45.15,267.018,177.641,13
car0,0,45.2,266.934,172.437,13
car0,5,45.2,267.008,177.591,13
car0,0,45.25,266.923,172.489,13
car0,5,45.25,266.999,177.549,13
car0,0,45.3,266.913,172.535,13
car0,5,45.3,266.993,177.521,13
car0,0,45.35,266.902,172.585,13
car0,5,45.35,266.983,177.474,13
car0,0,45.4,266.891,172.636,13
car0,5,45.4,266.972,177.423,13
car0,0,45.45,266.879,172.695,13
car0,5,45.45,266.963,177.381,13
car0,0,45.5,266.868,172.745,13
car0,4,45.5,268.223,176.751,13
car0,0,45.55,266.857,172.796,13
car0,4,45.55,268.189,176.721,13
car0,0,45.6,266.846,172.848,13
car0,4,45.6,268.17,176.705,13
car0,0,45.65,266.837,172.894,13
car0,4,45.65,268.135,176.674,13
car0,0,45.7,266.825,172.948,13
car0,4,45.7,268.066,176.614,13
car0,0,45.75,266.814,172.998,13
car0,4,45.75,268.015,176.57,13
car0,0,45.8,266.804,173.048,13
car0,4,45.8,267.976,176.536,13
car0,0,45.85,266.793,173.098,13
car0,4,45.85,267.951,176.514,13
car0,0,45.9,266.784,173.141,13
car0,4,45.9,267.866,176.441,13
car0,0,45.95,266.774,173.188,13
car0,4,45.95,267.818,176.399,13
car0,0,46,266.764,173.234,13
car0,4,46,267.777,176.363,13
car0,0,46.05,266.755,173.278,13
car0,4,46.05,267.749,176.339,13
car0,0,46.1,266.745,173.323,13
car0,4,46.1,267.71,176.305,13
car0,0,46.15,266.739,173.353,13
car0,4,46.15,267.68,176.279,13
car0,0,46.2,266.735,173.372,13
car0,4,46.2,267.646,176.249,13
car0,1,46.25,267.328,173.707,13
car0,4,46.25,267.614,176.222,13
car0,1,46.3,267.273,173.755,13
car0,4,46.3,267.584,176.196,13
car0,1,46.35,267.234,173.789,13
car0,4,46.35,267.556,176.171,13
car0,1,46.4,267.205,173.814,13
car0,4,46.4,267.525,176.144,13
car0,1,46.45,267.146,173.866,13
car0,4,46.45,267.501,176.123,13
car0,1,46.5,267.08,173.923,13
car0,4,46.5,267.475,176.1,13
car0,1,46.55,267.035,173.961,13
car0,4,46.55,267.451,176.08,13
car0,1,46.6,266.999,173.993,13
car0,4,46.6,267.428,176.06,13
car0,1,46.65,266.969,174.019,13
car0,4,46.65,267.408,176.043,13
car0,1,46.7,266.941,174.043,13
car0,4,46.7,267.385,176.022,13
car0,1,46.75,266.915,174.066,13
car0,4,46.75,267.368,176.007,13
car0,1,46.8,266.89,174.088,13
car0,4,46.8,267.363,176.003,13
car0,1,46.85,266.867,174.108,13
car0,4,46.85,267.423,176.055,13
car0,1,46.9,266.848,174.124,13
car0,1,46.95,266.851,174.122,13
car0,3,47.05,267.766,175.17,13
car0,3,47.1,267.612,175.149,13
car0,2,47.15,267.104,174.602,13
car0,3,47.15,267.568,175.143,13
car0,2,47.2,266.959,174.623,13
car0,3,47.2,267.554,175.141,13
car0,2,47.25,266.918,174.629,13
car0,3,47.25,267.539,175.139,13
car0,2,47.3,266.901,174.631,13
car0,3,47.3,267.529,175.137,13
car0,2,47.35,266.889,174.633,13
car0,3,47.35,267.517,175.136,13
car0,2,47.4,266.886,174.633,13
car0,3,47.4,267.51,175.135,13
car0,2,47.45,266.895,174.632,13
car0,3,47.45,267.506,175.134,13
car0,2,47.5,266.965,174.622,13
car0,3,47.5,267.503,175.134,13
car0,3,47.55,267.505,175.134,13
car0,3,47.6,267.082,175.074,13
car0,2,47.65,267.735,174.514,13
car0,3,47.65,266.897,175.048,13
car0,2,47.7,267.52,174.544,13
car0,3,47.7,266.886,175.047,13
car0,2,47.75,267.504,174.546,13
car0,3,47.75,266.888,175.047,13
car0,2,47.8,267.502,174.547,13
car0,3,47.8,266.896,175.048,13
car0,2,47.85,267.503,174.546,13
car0,3,47.85,266.91,175.05,13
car0,2,47.9,267.508,174.546,13
car0,3,47.9,266.957,175.057,13
car0,2,47.95,267.514,174.545,13
car0,3,47.95,267.093,175.076,13
car0,2,48,267.522,174.544,13
car0,3,48,267.173,175.087,13
car0,2,48.05,267.536,174.542,13
car0,2,48.1,267.549,174.54,13
car0,2,48.15,267.564,174.538,13
car0,4,48.15,266.84,175.549,13
car0,2,48.2,267.58,174.536,13
car0,4,48.2,266.851,175.558,13
car0,2,48.25,267.614,174.531,13
car0,4,48.25,266.868,175.573,13
car0,2,48.3,267.678,174.522,13
car0,4,48.3,266.891,175.593,13
car0,2,48.35,267.824,174.501,13
car0,4,48.35,266.918,175.616,13
car0,4,48.4,266.943,175.638,13
car0,4,48.45,266.973,175.664,13
car0,4,48.5,267.003,175.69,13
car0,1,48.55,267.398,173.646,13
car0,4,48.55,267.044,175.726,13
car0,1,48.6,267.383,173.659,13
car0,4,48.6,267.106,175.78,13
car0,1,48.65,267.401,173.644,13
car0,4,48.65,267.164,175.83,13
car0,1,48.7,267.42,173.628,13
car0,4,48.7,267.192,175.854,13
car0,1,48.75,267.442,173.608,13
car0,4,48.75,267.237,175.894,13
car0,1,48.8,267.469,173.584,13
car0,4,48.8,267.299,175.948,13
car0,1,48.85,267.489,173.567,13
car0,5,48.85,266.722,176.248,13
car0,1,48.9,267.515,173.544,13
car0,5,48.9,266.727,176.271,13
car0,1,48.95,267.546,173.517,13
car0,5,48.95,266.734,176.305,13
car0,1,49,267.571,173.496,13
car0,5,49,266.744,176.351,13
car0,1,49.05,267.601,173.47,13
car0,5,49.05,266.754,176.399,13
car0,1,49.1,267.626,173.448,13
car0,5,49.1,266.765,176.449,13
car0,1,49.15,267.66,173.418,13
car0,5,49.15,266.775,176.496,13
car0,1,49.2,267.685,173.397,13
car0,5,49.2,266.785,176.542,13
car0,1,49.25,267.716,173.37,13
car0,5,49.25,266.796,176.595,13
car0,1,49.3,267.75,173.34,13
car0,5,49.3,266.806,176.641,13
car0,1,49.35,267.78,173.315,13
car0,5,49.35,266.815,176.683,13
car0,1,49.4,267.818,173.281,13
car0,5,49.4,266.825,176.732,13
car0,1,49.45,267.846,173.257,13
car0,5,49.45,266.837,176.788,13
car0,1,49.5,267.877,173.23,13
car0,5,49.5,266.847,176.833,13
car0,1,49.55,267.914,173.198,13
car0,5,49.55,266.856,176.879,13
car0,1,49.6,267.955,173.162,13
car0,5,49.6,266.866,176.924,13
car0,1,49.65,268.015,173.11,13
car0,5,49.65,266.877,176.975,13
car0,1,49.7,268.048,173.082,13
car0,5,49.7,266.887,177.023,13
car0,1,49.75,268.087,173.048,13
car0,5,49.75,266.898,177.074,13
car0,1,49.8,268.14,173.001,13
car0,5,49.8,266.908,177.124,13
car0,1,49.85,268.225,172.928,13
car0,5,49.85,266.919,177.172,13
car0,1,49.9,268.386,172.788,13
car0,5,49.9,266.93,177.224,13
car0,5,49.95,266.939,177.269,13
car0,0,50,266.992,172.163,13
car0,5,50,266.948,177.313,13
car0,0,50.05,266.996,172.143,13
car0,5,50.05,266.959,177.364,13
car0,0,50.1,267.005,172.102,13
car0,5,50.1,266.972,177.421,13
car0,0,50.15,267.015,172.052,13
car0,5,50.15,266.983,177.473,13
car0,0,50.2,267.027,171.996,13
car0,5,50.2,266.991,177.514,13
car0,0,50.25,267.041,171.932,13
car0,5,50.25,266.999,177.549,13
car0,0,50.3,267.048,171.9,13
car0,5,50.3,267.008,177.592,13
car0,0,50.35,267.056,171.86,13
car0,5,50.35,267.018,177.639,13
car0,0,50.4,267.066,171.815,13
car0,5,50.4,267.027,177.68,13
car0,0,50.45,267.077,171.765,13
car0,5,50.45,267.036,177.725,13
car0,0,50.5,267.088,171.713,13
car0,5,50.5,267.046,177.77,13
car0,0,50.55,267.094,171.682,13
car0,5,50.55,267.056,177.818,13
car0,0,50.6,267.103,171.64,13
car0,5,50.6,267.066,177.865,13
car0,0,50.65,267.112,171.598,13
car0,5,50.65,267.075,177.91,13
car0,0,50.7,267.122,171.551,13
car0,5,50.7,267.086,177.96,13
car0,0,50.75,267.131,171.507,13
car0,5,50.75,267.096,178.009,13
car0,0,50.8,267.142,171.459,13
car0,5,50.8,267.107,178.057,13
car0,0,50.85,267.153,171.403,13
car0,5,50.85,267.117,178.108,13
car0,0,50.9,267.164,171.352,13
car0,5,50.9,267.127,178.155,13
car0,0,50.95,267.174,171.307,13
car0,5,50.95,267.137,178.201,13
car0,0,51,267.184,171.258,13
car0,5,51,267.147,178.248,13
car0,0,51.05,267.196,171.202,13
car0,5,51.05,267.159,178.302,13
car0,0,51.1,267.208,171.147,13
car0,5,51.1,267.169,178.35,13
car0,0,51.15,267.219,171.094,13
car0,5,51.15,267.18,178.401,13
car0,0,51.2,267.233,171.03,13
car0,5,51.2,267.193,178.461,13
car0,0,51.25,267.245,170.971,13
car0,5,51.25,267.198,178.486,13
car0,0,51.3,267.255,170.924,13
car0,5,51.3,267.185,178.428,13
car0,0,51.35,267.265,170.878,13
car0,5,51.35,267.173,178.367,13
car0,0,51.4,267.276,170.826,13
car0,5,51.4,267.157,178.294,13
car0,0,51.45,267.287,170.775,13
car0,5,51.45,267.145,178.238,13
car0,0,51.5,267.299,170.717,13
car0,5,51.5,267.133,178.182,13
car0,0,51.55,267.31,170.668,13
car0,5,51.55,267.121,178.127,13
car0,0,51.6,267.321,170.616,13
car0,5,51.6,267.109,178.07,13
car0,0,51.65,267.332,170.562,13
car0,5,51.65,267.095,178,13
car0,0,51.7,267.342,170.516,13
car0,5,51.7,267.08,177.932,13
car0,0,51.75,267.351,170.472,13
car0,5,51.75,267.064,177.857,13
car0,0,51.8,267.362,170.422,13
car0,5,51.8,267.052,177.798,13
car0,0,51.85,267.373,170.37,13
car0,5,51.85,267.041,177.748,13
car0,0,51.9,267.384,170.319,13
car0,5,51.9,267.025,177.675,13
car0,0,51.95,267.393,170.278,13
car0,5,51.95,267.009,177.597,13
car0,0,52,267.401,170.238,13
car0,5,52,266.997,177.543,13
car0,0,52.05,267.411,170.192,13
car0,5,52.05,266.99,177.508,13
car0,0,52.1,267.42,170.151,13
car0,5,52.1,266.972,177.424,13
car0,0,52.15,267.43,170.102,14
car0,5,52.15,266.962,177.378,14
car0,0,52.2,267.441,170.049,14
car0,4,52.2,268.214,176.743,14
car0,5,52.2,267.404,179.457,14
car0,0,52.25,267.451,170.003,15
car0,4,52.25,268.174,176.709,15
car0,5,52.25,267.414,179.502,15
car0,0,52.3,267.463,169.948,15
car0,4,52.3,268.131,176.67,15
car0,5,52.3,267.423,179.547,15
car0,0,52.35,267.475,169.892,15
car0,4,52.35,268.041,176.592,15
car0,5,52.35,267.434,179.597,15
car0,0,52.4,267.485,169.841,15
car0,4,52.4,267.986,176.545,15
car0,5,52.4,267.445,179.65,15
car0,0,52.45,267.497,169.787,15
car0,4,52.45,267.949,176.513,15
car0,5,52.45,267.456,179.701,15
car0,0,52.5,267.509,169.73,15
car0,4,52.5,267.842,176.42,15
car0,5,52.5,267.467,179.753,15
car0,0,52.55,267.523,169.666,15
car0,4,52.55,267.79,176.375,15
car0,5,52.55,267.477,179.8,15
car0,0,52.6,267.534,169.611,15
car0,4,52.6,267.75,176.34,15
car0,5,52.6,267.488,179.853,15
car0,0,52.65,267.543,169.571,15
car0,4,52.65,267.703,176.299,15
car0,5,52.65,267.5,179.909,15
car0,0,52.7,267.552,169.527,15
car0,4,52.7,267.669,176.27,15
car0,5,52.7,267.51,179.957,15
car0,0,52.75,267.561,169.487,15
car0,4,52.75,267.628,176.234,15
car0,5,52.75,267.521,180.007,15
car0,0,52.8,267.569,169.447,15
car0,4,52.8,267.591,176.201,15
car0,5,52.8,267.532,180.06,15
car0,0,52.85,267.579,169.399,15
car0,4,52.85,267.557,176.172,15
car0,5,52.85,267.543,180.11,15
car0,0,52.9,267.59,169.351,15
car0,4,52.9,267.521,176.14,15
car0,5,52.9,267.555,180.167,15
car0,0,52.95,267.599,169.307,15
car0,4,52.95,267.485,176.11,15
car0,5,52.95,267.566,180.216,15
car0,0,53,267.609,169.262,15
car0,4,53,267.455,176.083,15
car0,5,53,267.577,180.269,15
car0,0,53.05,267.619,169.214,15
car0,4,53.05,267.427,176.059,15
car0,5,53.05,267.587,180.318,15
car0,0,53.1,267.629,169.166,15
car0,4,53.1,267.4,176.035,15
car0,5,53.1,267.597,180.366,15
car0,0,53.15,267.64,169.116,15
car0,4,53.15,267.375,176.014,15
car0,5,53.15,267.608,180.414,15
car0,0,53.2,267.651,169.061,15
car0,4,53.2,267.362,176.003,15
car0,5,53.2,267.619,180.466,15
car0,0,53.25,267.662,169.01,15
car0,4,53.25,267.424,176.056,15
car0,5,53.25,267.63,180.52,15
car0,0,53.3,267.675,168.951,15
car0,5,53.3,267.642,180.575,15
car0,0,53.35,267.686,168.9,15
car0,5,53.35,267.655,180.636,15
car0,0,53.4,267.698,168.843,15
car0,3,53.4,267.777,175.172,15
car0,5,53.4,267.668,180.699,15
car0,0,53.45,267.711,168.781,15
car0,3,53.45,267.613,175.149,15
car0,5,53.45,267.68,180.753,15
car0,0,53.5,267.723,168.723,15
car0,3,53.5,267.564,175.142,15
car0,5,53.5,267.693,180.817,15
car0,0,53.55,267.736,168.66,15
car0,3,53.55,267.542,175.139,15
car0,5,53.55,267.705,180.872,15
car0,3,53.6,267.527,175.137,15
car0,5,53.6,267.716,180.922,15
car0,3,53.65,267.512,175.135,15
car0,5,53.65,267.727,180.974,15
car0,3,53.7,267.505,175.134,15
car0,5,53.7,267.737,181.021,15
car0,3,53.75,267.504,175.134,15
car0,3,53.8,267.504,175.134,15
car0,3,53.85,267.508,175.134,15
car0,2,53.9,267.695,174.519,15
car0,3,53.9,267.534,175.138,15
car0,2,53.95,267.508,174.546,15
car0,2,54,267.502,174.547,15
car0,2,54.05,267.504,174.546,15
car0,2,54.1,267.511,174.545,15
car0,2,54.15,267.519,174.544,15
car0,2,54.2,267.535,174.542,15
car0,2,54.25,267.557,174.539,15
car0,2,54.3,267.578,174.536,15
car0,2,54.35,267.614,174.531,15
car0,2,54.4,267.794,174.505,15
car0,1,54.6,267.383,173.66,15
car0,1,54.65,267.394,173.65,15
car0,1,54.7,267.422,173.626,15
car0,1,54.75,267.448,173.603,15
car0,1,54.8,267.476,173.578,15
car0,1,54.85,267.512,173.547,15
car0,1,54.9,267.546,173.517,15
car0,1,54.95,267.58,173.488,15
car0,1,55,267.62,173.454,15
car0,1,55.05,267.661,173.418,15
car0,1,55.1,267.694,173.389,15
car0,1,55.15,267.741,173.348,15
car0,1,55.2,267.776,173.318,15
car0,1,55.25,267.82,173.28,15
car0,1,55.3,267.861,173.244,15
car0,1,55.35,267.905,173.206,15
car0,1,55.4,267.958,173.16,15
car0,1,55.45,268.025,173.101,15
car0,1,55.5,268.077,173.056,15
car0,1,55.55,268.141,173,15
car0,1,55.6,268.239,172.915,15
car0,0,55.75,266.995,172.146,15
car0,0,55.8,267.006,172.096,15
car0,0,55.85,267.021,172.028,15
car0,0,55.9,267.036,171.954,15
car0,0,55.95,267.048,171.9,15
car0,0,56,267.057,171.857,15
car0,0,56.05,267.069,171.801,15
car0,0,56.1,267.083,171.735,15
car0,0,56.15,267.093,171.687,15
car0,0,56.2,267.103,171.64,15
car0,0,56.25,267.115,171.584,15
car0,0,56.3,267.127,171.528,15
car0,0,56.35,267.14,171.467,15
car0,0,56.4,267.156,171.393,15
car0,0,56.45,267.168,171.332,15
car0,0,56.5,267.18,171.279,15
car0,0,56.55,267.195,171.208,15
car0,0,56.6,267.21,171.137,15
car0,0,56.65,267.225,171.068,15
car0,0,56.7,267.239,171.001,15
car0,0,56.75,267.254,170.93,15
car0,0,56.8,267.267,170.871,15
car0,0,56.85,267.28,170.805,15
car0,0,56.9,267.295,170.735,15
car0,0,56.95,267.312,170.658,15
car0,0,57,267.326,170.592,15
car0,0,57.05,267.339,170.528,15
car0,0,57.1,267.352,170.471,15
car0,0,57.15,267.364,170.413,15
car0,0,57.2,267.377,170.353,15
car0,0,57.25,267.388,170.301,15
car0,0,57.3,267.399,170.248,15
car0,0,57.35,267.411,170.192,15
car0,0,57.4,267.424,170.132,15
car0,0,57.45,267.435,170.076,15
car0,0,57.5,267.45,170.01,15
car0,0,57.55,267.465,169.939,15
car0,0,57.6,267.479,169.869,15
car0,0,57.65,267.493,169.806,15
car0,0,57.7,267.508,169.733,15
car0,0,57.75,267.525,169.656,15
car0,0,57.8,267.538,169.595,15
car0,0,57.85,267.55,169.537,15
car0,0,57.9,267.563,169.476,15
car0,0,57.95,267.575,169.419,15
car0,0,58,267.587,169.365,15
car0,0,58.05,267.6,169.304,15
car0,0,58.1,267.612,169.247,15
car0,0,58.15,267.626,169.18,15
car0,0,58.2,267.641,169.109,15
car0,0,58.25,267.657,169.036,15
car0,0,58.3,267.671,168.968,15
car0,0,58.35,267.685,168.901,15
car0,0,58.4,267.699,168.834,15
car0,0,58.45,267.715,168.76,15
car0,0,58.5,267.731,168.688,15
