timestamp,x_gt,y_gt,track_id,x_track,y_track,car_id,sensor_id
1.3,266.84,168.675,79,267.736,168.664,79,0
1.35,266.84,168.729,79,267.725,168.714,79,0
1.4,266.84,168.783,79,267.714,168.764,79,0
1.45,266.84,168.843,79,267.703,168.819,79,0
1.5,266.84,168.901,79,267.692,168.871,79,0
1.55,266.84,168.963,79,267.679,168.931,79,0
1.6,266.84,169.027,79,267.665,168.998,79,0
1.65,266.84,169.089,79,267.651,169.06,79,0
1.7,266.84,169.144,79,267.64,169.115,79,0
1.75,266.84,169.207,79,267.626,169.179,79,0
1.8,266.84,169.259,79,267.615,169.23,79,0
1.85,266.84,169.324,79,267.602,169.295,79,0
1.9,266.84,169.38,79,267.588,169.36,79,0
1.95,266.84,169.441,79,267.573,169.429,79,0
2.0,266.84,169.505,79,267.559,169.496,79,0
2.05,266.84,169.568,79,267.545,169.563,79,0
2.1,266.84,169.628,79,267.531,169.626,79,0
2.15,266.84,169.68,79,267.52,169.68,79,0
2.2,266.84,169.742,79,267.506,169.744,79,0
2.25,266.84,169.804,79,267.492,169.808,79,0
2.3,266.84,169.867,79,267.479,169.873,79,0
2.35,266.84,169.925,79,267.466,169.933,79,0
2.4,266.84,169.987,79,267.452,169.996,79,0
2.45,266.84,170.041,79,267.441,170.052,79,0
2.5,266.84,170.105,79,267.427,170.118,79,0
2.55,266.84,170.162,79,267.414,170.175,79,0
2.6,266.84,170.218,79,267.402,170.232,79,0
2.65,266.84,170.275,79,267.39,170.29,79,0
2.7,266.84,170.331,79,267.378,170.345,79,0
2.75,266.84,170.384,79,267.367,170.397,79,0
2.8,266.84,170.437,79,267.356,170.448,79,0
2.85,266.84,170.498,79,267.344,170.507,79,0
2.9,266.84,170.556,79,267.332,170.563,79,0
2.95,266.84,170.614,79,267.332,170.563,79,0
3.0,266.84,170.677,79,267.308,170.674,79,0
3.05,266.84,170.73,79,267.298,170.721,79,0
3.1,266.84,170.792,79,267.298,170.721,79,0
3.15,266.84,170.849,79,267.277,170.822,79,0
3.2,266.84,170.912,79,267.269,170.861,79,0
3.25,266.84,170.977,79,267.258,170.913,79,0
3.3,266.84,171.038,79,267.245,170.97,79,0
3.35,266.84,171.096,79,267.234,171.025,79,0
3.4,266.84,171.149,79,267.223,171.077,79,0
3.45,266.84,171.214,79,267.209,171.141,79,0
3.5,266.84,171.276,79,267.196,171.202,79,0
3.55,266.84,171.329,79,267.185,171.253,79,0
3.6,266.84,171.39,79,267.173,171.312,79,0
3.65,266.84,171.45,79,267.16,171.371,79,0
3.7,266.84,171.514,79,267.147,171.431,79,0
3.75,266.84,171.572,79,267.136,171.486,79,0
3.8,266.84,171.634,79,267.124,171.544,79,0
3.85,266.84,171.697,79,267.109,171.614,79,0
3.9,266.84,171.762,79,267.093,171.689,79,0
3.95,266.84,171.826,79,267.077,171.763,79,0
4.0,266.84,171.882,79,267.064,171.825,79,0
4.05,266.84,171.942,79,267.049,171.893,79,0
4.1,266.84,172.003,79,267.035,171.959,79,0
4.15,266.84,172.066,79,267.022,172.023,79,0
4.2,266.84,172.122,79,267.01,172.078,79,0
4.25,266.84,172.182,79,266.998,172.134,79,0
4.3,266.84,172.239,79,266.987,172.184,79,0
4.35,266.84,172.299,79,266.977,172.234,79,0
4.4,266.84,172.357,79,266.968,172.276,79,0
4.45,266.84,172.412,79,266.963,172.297,79,0
4.5,266.84,172.469,79,266.951,172.358,79,0
4.55,266.84,172.529,79,266.938,172.418,79,0
4.6,266.84,172.589,79,266.925,172.477,79,0
4.65,266.84,172.641,79,266.915,172.527,79,0
4.7,266.84,172.706,79,266.902,172.586,79,0
4.75,266.84,172.767,79,266.89,172.642,79,0
4.8,266.84,172.831,79,266.876,172.71,79,0
4.85,266.84,172.885,79,266.864,172.763,79,0
4.9,266.84,172.942,79,266.853,172.817,79,0
4.95,266.84,172.995,79,266.843,172.865,79,0
5.0,266.84,173.054,79,266.831,172.921,79,0
5.05,266.84,173.113,79,266.819,172.979,79,0
5.1,266.84,173.169,79,266.808,173.029,79,0
5.15,266.84,173.228,79,266.797,173.081,79,0
5.2,266.84,173.282,79,266.786,173.132,79,0
5.25,266.84,173.34,79,266.775,173.182,79,0
5.3,266.84,173.392,79,266.765,173.229,79,0
5.35,266.84,173.453,79,266.754,173.281,79,0
5.4,266.84,173.513,79,266.744,173.328,79,0
5.45,266.84,173.574,79,266.737,173.363,79,0
5.5,266.84,173.63,,,,,0
5.55,266.84,173.694,79,267.291,173.739,79,0
5.6,266.84,173.753,79,267.245,173.78,79,0
5.65,266.84,173.809,79,267.21,173.81,79,0
5.7,266.84,173.864,79,267.153,173.859,79,0
5.75,266.84,173.925,79,267.072,173.929,79,0
5.8,266.84,173.981,79,267.028,173.968,79,0
5.85,266.84,174.045,79,266.989,174.002,79,1
5.9,266.84,174.101,79,266.956,174.03,79,1
5.95,266.84,174.164,79,266.922,174.06,79,1
6.0,266.84,174.218,79,266.897,174.082,79,1
6.05,266.84,174.278,79,266.87,174.105,79,1
6.1,266.84,174.337,79,266.85,174.123,79,1
6.15,266.84,174.401,79,266.857,174.117,79,1
6.2,266.84,174.461,,,,,1
6.25,266.84,174.518,,,,,1
6.3,266.84,174.57,79,267.141,174.597,79,1
6.35,266.84,174.624,79,267.085,174.605,79,2
6.4,266.84,174.687,79,266.922,174.628,79,2
6.45,266.84,174.74,79,266.903,174.631,79,2
6.5,266.84,174.801,79,266.889,174.633,79,2
6.55,266.84,174.858,79,266.885,174.633,79,2
6.6,266.84,174.917,79,266.899,174.631,79,2
6.65,266.84,174.975,79,266.992,174.618,79,2
6.7,266.84,175.036,,,,,3
6.75,266.84,175.096,79,266.913,175.051,79,3
6.8,266.84,175.152,79,266.887,175.047,79,3
6.85,266.84,175.21,79,266.886,175.047,79,3
6.9,266.84,175.268,79,266.895,175.048,79,3
6.95,266.84,175.331,79,266.895,175.048,79,3
7.0,266.84,175.385,79,266.964,175.058,79,3
7.05,266.84,175.442,79,267.101,175.077,79,3
7.1,266.84,175.496,,,,,4
7.15,266.84,175.549,,,,,4
7.2,266.84,175.607,,,,,4
7.25,266.84,175.672,79,266.841,175.549,79,4
7.3,266.84,175.724,79,266.857,175.563,79,4
7.35,266.84,175.778,79,266.877,175.581,79,4
7.4,266.84,175.837,79,266.903,175.604,79,4
7.45,266.84,175.89,79,266.929,175.626,79,4
7.5,266.84,175.953,79,266.965,175.657,79,4
7.55,266.84,176.014,79,267.002,175.689,79,4
7.6,266.84,176.068,79,267.047,175.728,79,4
7.65,266.84,176.127,79,267.115,175.787,79,4
7.7,266.84,176.188,79,267.169,175.835,79,5
7.75,266.84,176.253,79,267.211,175.871,79,5
7.8,266.84,176.31,79,267.265,175.918,79,5
7.85,266.84,176.363,79,266.721,176.244,79,5
7.9,266.84,176.428,79,266.726,176.268,79,5
7.95,266.84,176.487,79,266.735,176.308,79,5
8.0,266.84,176.54,79,266.744,176.352,79,5
8.05,266.84,176.6,79,266.744,176.352,79,5
8.1,266.84,176.663,79,266.768,176.463,79,5
8.15,266.84,176.717,79,266.778,176.511,79,5
8.2,266.84,176.772,79,266.778,176.511,79,5
8.25,266.84,176.832,79,266.801,176.617,79,5
8.3,266.84,176.884,79,266.81,176.661,79,5
8.35,266.84,176.943,79,266.822,176.716,79,5
8.4,266.84,176.996,79,266.833,176.768,79,5
8.45,266.84,177.051,79,266.843,176.819,79,5
8.5,266.84,177.11,79,266.855,176.872,79,5
8.55,266.84,177.164,79,266.865,176.921,79,5
8.6,266.84,177.224,79,266.865,176.921,79,5
8.65,266.84,177.287,79,266.891,177.042,79,5
8.7,266.84,177.35,79,266.903,177.1,79,5
8.75,266.84,177.409,79,266.915,177.154,79,5
8.8,266.84,177.47,79,266.927,177.211,79,5
8.85,266.84,177.526,79,266.938,177.265,79,5
8.9,266.84,177.585,79,266.95,177.32,79,5
8.95,266.84,177.646,79,266.962,177.378,79,5
9.0,266.84,177.7,79,266.974,177.434,79,5
9.05,266.84,177.763,79,266.988,177.5,79,5
9.1,266.84,177.821,79,266.997,177.542,79,5
9.15,266.84,177.884,79,267.008,177.591,79,5
9.2,266.84,177.939,79,267.017,177.635,79,5
9.25,266.84,178.003,79,267.029,177.69,79,5
9.3,266.84,178.067,79,267.041,177.747,79,5
9.35,266.84,178.129,79,267.053,177.805,79,5
9.4,266.84,178.191,79,267.066,177.863,79,5
9.45,266.84,178.253,79,267.077,177.916,79,5
9.5,266.84,178.307,79,267.087,177.962,79,5
9.55,266.84,178.368,79,267.098,178.016,79,5
9.6,266.84,178.429,79,267.11,178.072,79,5
9.65,266.84,178.483,79,267.121,178.123,79,5
9.7,266.84,178.542,79,267.132,178.178,79,5
9.75,266.84,178.605,79,267.145,178.239,79,5
9.8,266.84,178.667,79,267.158,178.301,79,5
9.85,266.84,178.72,79,267.17,178.353,79,5
9.9,266.84,178.782,79,267.183,178.418,79,5
9.95,266.84,178.835,79,267.195,178.474,79,5
10.0,266.84,178.893,79,267.209,178.536,79,5
10.05,266.84,178.948,79,267.221,178.596,79,5
10.1,266.84,179.008,79,267.235,178.662,79,5
10.15,266.84,179.065,79,267.249,178.726,79,5
10.2,266.84,179.121,79,267.262,178.787,79,5
10.25,266.84,179.177,79,267.273,178.842,79,5
10.3,266.84,179.236,79,267.285,178.898,79,5
10.35,266.84,179.294,79,267.298,178.955,79,5
10.4,266.84,179.353,79,267.31,179.014,79,5
10.45,266.84,179.409,79,267.322,179.068,79,5
10.5,266.84,179.471,79,267.333,179.121,79,5
10.55,266.84,179.531,79,267.343,179.171,79,5
10.6,266.84,179.59,79,267.354,179.22,79,5
10.65,266.84,179.647,79,267.364,179.27,79,5
10.7,266.84,179.705,79,267.375,179.321,79,5
10.75,266.84,179.759,79,267.385,179.369,79,5
10.8,266.84,179.812,79,267.396,179.417,79,5
10.85,266.84,179.874,79,267.408,179.473,79,5
10.9,266.84,179.936,79,267.42,179.53,79,5
10.95,266.84,179.997,79,267.432,179.587,79,5
11.0,266.84,180.052,79,267.443,179.638,79,5
11.05,266.84,180.105,79,267.453,179.688,79,5
11.1,266.84,180.169,79,267.467,179.75,79,5
11.15,266.84,180.227,79,267.478,179.805,79,5
11.2,266.84,180.292,79,267.492,179.869,79,5
11.25,266.84,180.345,79,267.503,179.92,79,5
11.3,266.84,180.406,79,267.515,179.98,79,5
11.35,266.84,180.47,79,267.529,180.044,79,5
11.4,266.84,180.528,79,267.541,180.102,79,5
11.45,266.84,180.587,79,267.554,180.161,79,5
11.5,266.84,180.643,79,267.566,180.219,79,5
11.55,266.84,180.702,79,267.579,180.278,79,5
11.6,266.84,180.762,79,267.592,180.342,79,5
11.65,266.84,180.824,79,267.606,180.407,79,5
11.7,266.84,180.886,79,267.62,180.473,79,5
11.75,266.84,180.942,79,267.633,180.534,79,5
11.8,266.84,180.995,79,267.645,180.591,79,5
11.85,266.84,181.051,79,267.659,180.654,79,5
11.9,266.84,181.104,79,267.672,180.715,79,5
11.95,266.84,181.169,79,267.687,180.789,79,5
12.0,266.84,181.222,79,267.7,180.848,79,5
12.05,266.84,181.278,79,267.711,180.901,79,5
12.1,266.84,181.343,79,267.724,180.963,79,5
12.15,266.84,181.402,79,267.737,181.021,79,5
12.2,266.84,181.464,76,267.457,169.974,76,5
12.25,266.84,181.519,76,267.444,170.036,76,5
12.3,266.84,181.572,76,267.43,170.104,76,5
12.35,266.84,181.625,76,267.416,170.168,76,5
11.15,266.84,168.636,79,267.478,179.805,79,0
11.2,266.84,168.706,79,267.492,179.869,79,0
11.25,266.84,168.773,79,267.503,179.92,79,0
11.3,266.84,168.839,79,267.515,179.98,79,0
11.35,266.84,168.898,79,267.529,180.044,79,0
11.4,266.84,168.96,79,267.541,180.102,79,0
11.45,266.84,169.024,79,267.554,180.161,79,0
11.5,266.84,169.083,79,267.566,180.219,79,0
11.55,266.84,169.147,79,267.579,180.278,79,0
11.6,266.84,169.205,79,267.592,180.342,79,0
11.65,266.84,169.273,79,267.606,180.407,79,0
11.7,266.84,169.339,79,267.62,180.473,79,0
11.75,266.84,169.405,79,267.633,180.534,79,0
11.8,266.84,169.463,79,267.645,180.591,79,0
11.85,266.84,169.532,79,267.659,180.654,79,0
11.9,266.84,169.592,79,267.672,180.715,79,0
11.95,266.84,169.657,79,267.687,180.789,79,0
12.0,266.84,169.716,79,267.7,180.848,79,0
12.05,266.84,169.775,79,267.711,180.901,79,0
12.1,266.84,169.837,79,267.724,180.963,79,0
12.15,266.84,169.902,79,267.737,181.021,79,0
12.2,266.84,169.965,76,267.457,169.974,76,0
12.25,266.84,170.026,76,267.444,170.036,76,0
12.3,266.84,170.092,76,267.43,170.104,76,0
12.35,266.84,170.155,76,267.416,170.168,76,0
12.4,266.84,170.221,76,267.401,170.236,76,0
12.45,266.84,170.278,76,267.389,170.293,76,0
12.5,266.84,170.34,76,267.376,170.354,76,0
12.55,266.84,170.397,76,267.364,170.41,76,0
12.6,266.84,170.456,76,267.352,170.467,76,0
12.65,266.84,170.525,76,267.338,170.533,76,0
12.7,266.84,170.582,76,267.327,170.587,76,0
12.75,266.84,170.648,76,267.314,170.648,76,0
12.8,266.84,170.706,76,267.303,170.7,76,0
12.85,266.84,170.776,76,267.29,170.761,76,0
12.9,266.84,170.834,76,267.279,170.81,76,0
12.95,266.84,170.903,76,267.269,170.859,76,0
13.0,266.84,170.97,76,267.259,170.906,76,0
13.05,266.84,171.033,76,267.246,170.966,76,0
13.1,266.84,171.093,76,267.235,171.021,76,0
13.15,266.84,171.16,76,267.221,171.087,76,0
13.2,266.84,171.217,76,267.208,171.145,76,0
13.25,266.84,171.284,76,267.195,171.209,76,0
13.3,266.84,171.349,76,267.181,171.273,76,0
13.35,266.84,171.417,76,267.167,171.338,76,0
13.4,266.84,171.479,76,267.155,171.398,76,0
13.45,266.84,171.548,76,267.141,171.463,76,0
13.5,266.84,171.616,76,267.127,171.527,76,0
13.55,266.84,171.68,76,267.113,171.594,76,0
13.6,266.84,171.736,76,267.099,171.66,76,0
13.65,266.84,171.794,76,267.085,171.727,76,0
13.7,266.84,171.863,76,267.068,171.804,76,0
13.75,266.84,171.928,76,267.053,171.877,76,0
13.8,266.84,171.994,76,267.037,171.95,76,0
13.85,266.84,172.061,76,267.023,172.018,76,0
13.9,266.84,172.118,76,267.011,172.074,76,0
13.95,266.84,172.179,76,266.999,172.132,76,0
14.0,266.84,172.236,76,266.988,172.182,76,0
14.05,266.84,172.299,76,266.977,172.234,76,0
14.1,266.84,172.369,76,266.966,172.283,76,0
14.15,266.84,172.426,76,266.96,172.313,76,0
14.2,266.84,172.492,76,266.946,172.381,76,0
14.25,266.84,172.56,76,266.931,172.449,76,0
14.3,266.84,172.63,76,266.917,172.516,76,0
14.35,266.84,172.689,76,266.905,172.572,76,0
14.4,266.84,172.759,76,266.892,172.633,76,0
14.45,266.84,172.828,76,266.876,172.707,76,0
14.5,266.84,172.885,76,266.864,172.763,76,0
14.55,266.84,172.946,76,266.852,172.821,76,0
14.6,266.84,173.008,76,266.84,172.877,76,0
14.65,266.84,173.068,76,266.828,172.935,76,0
14.7,266.84,173.132,76,266.815,172.996,76,0
14.75,266.84,173.195,76,266.803,173.051,76,0
14.8,266.84,173.257,76,266.791,173.11,76,0
14.85,266.84,173.321,76,266.779,173.166,76,0
14.9,266.84,173.377,76,266.768,173.215,76,0
14.95,266.84,173.444,76,266.756,173.273,76,0
15.0,266.84,173.501,76,266.746,173.319,76,0
15.05,266.84,173.569,76,266.737,173.361,76,0
15.1,266.84,173.637,76,267.362,173.677,76,0
15.15,266.84,173.703,76,267.283,173.746,76,0
15.2,266.84,173.772,76,267.232,173.79,76,0
15.25,266.84,173.838,76,267.192,173.826,76,0
15.3,266.84,173.904,76,267.094,173.911,76,0
15.35,266.84,173.962,76,267.042,173.956,76,0
15.4,266.84,174.027,76,266.999,173.993,76,1
15.45,266.84,174.092,76,266.961,174.026,76,1
15.5,266.84,174.15,76,266.929,174.054,76,1
15.55,266.84,174.215,76,266.898,174.081,76,1
15.6,266.84,174.277,76,266.871,174.104,76,1
15.65,266.84,174.346,76,266.848,174.125,76,1
15.7,266.84,174.412,76,266.875,174.101,76,1
15.75,266.84,174.476,,,,,1
15.8,266.84,174.543,,,,,1
15.85,266.84,174.607,76,267.097,174.603,76,2
15.9,266.84,174.672,76,266.932,174.627,76,2
15.95,266.84,174.739,76,266.904,174.631,76,2
16.0,266.84,174.801,76,266.889,174.633,76,2
16.05,266.84,174.866,76,266.885,174.633,76,2
16.1,266.84,174.924,76,266.904,174.631,76,2
16.15,266.84,174.983,76,267.089,174.605,76,3
16.2,266.84,175.051,76,267.117,175.079,76,3
16.25,266.84,175.109,76,266.902,175.049,76,3
16.3,266.84,175.171,76,266.886,175.047,76,3
16.35,266.84,175.229,76,266.888,175.047,76,3
16.4,266.84,175.297,76,266.902,175.049,76,3
16.45,266.84,175.358,76,266.932,175.053,76,3
16.5,266.84,175.418,76,267.035,175.068,76,3
16.55,266.84,175.48,76,267.167,175.086,76,4
16.6,266.84,175.542,,,,,4
16.65,266.84,175.6,,,,,4
16.7,266.84,175.669,76,266.841,175.549,76,4
16.75,266.84,175.73,76,266.858,175.564,76,4
16.8,266.84,175.787,76,266.881,175.584,76,4
16.85,266.84,175.847,76,266.908,175.608,76,4
16.9,266.84,175.917,76,266.943,175.639,76,4
16.95,266.84,175.975,76,266.976,175.667,76,4
17.0,266.84,176.031,76,267.014,175.7,76,4
17.05,266.84,176.096,76,267.076,175.754,76,4
17.1,266.84,176.166,76,267.156,175.824,76,5
17.15,266.84,176.233,76,267.195,175.858,76,5
17.2,266.84,176.301,76,267.254,175.909,76,5
17.25,266.84,176.362,76,266.721,176.244,76,5
17.3,266.84,176.429,76,266.727,176.269,76,5
17.35,266.84,176.494,76,266.736,176.314,76,5
17.4,266.84,176.552,76,266.747,176.363,76,5
17.45,266.84,176.621,76,266.759,176.424,76,5
17.5,266.84,176.69,76,266.773,176.487,76,5
17.55,266.84,176.749,76,266.784,176.538,76,5
17.6,266.84,176.809,76,266.796,176.595,76,5
17.65,266.84,176.87,76,266.807,176.65,76,5
17.7,266.84,176.935,76,266.82,176.709,76,5
17.75,266.84,177.002,76,266.834,176.775,76,5
17.8,266.84,177.064,76,266.846,176.83,76,5
17.85,266.84,177.124,76,266.857,176.884,76,5
17.9,266.84,177.184,76,266.869,176.941,76,5
17.95,266.84,177.252,76,266.884,177.008,76,5
18.0,266.84,177.313,76,266.896,177.068,76,5
18.05,266.84,177.38,76,266.909,177.128,76,5
18.1,266.84,177.44,76,266.921,177.183,76,5
18.15,266.84,177.508,76,266.935,177.247,76,5
18.2,266.84,177.575,76,266.948,177.311,76,5
18.25,266.84,177.643,76,266.962,177.375,76,5
18.3,266.84,177.699,76,266.974,177.433,76,5
18.35,266.84,177.762,76,266.988,177.498,76,5
18.4,266.84,177.821,76,266.997,177.542,76,5
18.45,266.84,177.884,76,267.008,177.591,76,5
18.5,266.84,177.944,76,267.018,177.639,76,5
18.55,266.84,178.013,76,267.031,177.699,76,5
18.6,266.84,178.075,76,267.042,177.755,76,5
18.65,266.84,178.143,76,267.056,177.817,76,5
18.7,266.84,178.205,76,267.068,177.875,76,5
18.75,266.84,178.273,76,267.08,177.933,76,5
18.8,266.84,178.339,76,267.093,177.991,76,5
18.85,266.84,178.403,76,267.105,178.048,76,5
18.9,266.84,178.461,76,267.116,178.101,76,5
18.95,266.84,178.52,76,267.128,178.156,76,5
19.0,266.84,178.585,76,267.141,178.219,76,5
19.05,266.84,178.65,76,267.155,178.283,76,5
19.1,266.84,178.719,76,267.169,178.352,76,5
19.15,266.84,178.776,76,267.182,178.411,76,5
19.2,266.84,178.841,76,267.196,178.48,76,5
19.25,266.84,178.904,76,267.211,178.547,76,5
19.3,266.84,178.963,76,267.225,178.613,76,5
19.35,266.84,179.021,76,267.238,178.676,76,5
19.4,266.84,179.087,76,267.254,178.751,76,5
19.45,266.84,179.151,76,267.268,178.816,76,5
19.5,266.84,179.218,76,267.282,178.881,76,5
19.55,266.84,179.286,76,267.296,178.947,76,5
19.6,266.84,179.343,76,267.308,179.004,76,5
19.65,266.84,179.404,76,267.32,179.063,76,5
19.7,266.84,179.46,76,267.331,179.112,76,5
19.75,266.84,179.519,76,267.341,179.16,76,5
19.8,266.84,179.584,76,267.353,179.216,76,5
19.85,266.84,179.647,76,267.364,179.27,76,5
19.9,266.84,179.717,76,267.378,179.332,76,5
19.95,266.84,179.786,76,267.391,179.393,76,5
20.0,266.84,179.855,76,267.404,179.456,76,5
20.05,266.84,179.922,76,267.417,179.517,76,5
20.1,266.84,179.984,76,267.429,179.574,76,5
20.15,266.84,180.045,76,267.441,179.632,76,5
20.2,266.84,180.109,76,267.454,179.692,76,5
20.25,266.84,180.168,76,267.466,179.748,76,5
20.3,266.84,180.237,76,267.48,179.815,76,5
20.35,266.84,180.299,76,267.493,179.874,76,5
20.4,266.84,180.36,76,267.506,179.934,76,5
20.45,266.84,180.424,76,267.519,179.999,76,5
20.5,266.84,180.492,76,267.534,180.065,76,5
20.55,266.84,180.56,76,267.548,180.134,76,5
20.6,266.84,180.621,76,267.561,180.196,76,5
20.65,266.84,180.688,76,267.576,180.266,76,5
20.7,266.84,180.756,76,267.591,180.336,76,5
20.75,266.84,180.821,76,267.605,180.404,76,5
20.8,266.84,180.881,76,267.619,180.468,76,5
20.85,266.84,180.94,76,267.633,180.532,76,5
20.9,266.84,180.999,76,267.646,180.595,76,5
20.95,266.84,181.068,76,267.663,180.673,76,5
21.0,266.84,181.137,76,267.679,180.752,76,5
21.05,266.84,181.2,76,267.695,180.824,76,5
21.1,266.84,181.258,76,267.707,180.881,76,5
21.15,266.84,181.322,76,267.72,180.944,76,5
21.2,266.84,181.391,76,267.734,181.01,76,5
21.25,266.84,181.45,145,267.715,168.761,145,5
21.3,266.84,181.511,145,267.701,168.827,145,5
21.35,266.84,181.574,145,267.687,168.892,145,5
21.4,266.84,181.634,145,267.672,168.965,145,5
21.15,266.84,168.646,76,267.72,180.944,76,0
21.2,266.84,168.71,76,267.734,181.01,76,0
21.25,266.84,168.78,145,267.715,168.761,145,0
21.3,266.84,168.852,145,267.701,168.827,145,0
21.35,266.84,168.924,145,267.687,168.892,145,0
21.4,266.84,168.996,145,267.672,168.965,145,0
21.45,266.84,169.063,145,267.657,169.034,145,0
21.5,266.84,169.124,145,267.644,169.095,145,0
21.55,266.84,169.191,145,267.63,169.163,145,0
21.6,266.84,169.262,145,267.615,169.233,145,0
21.65,266.84,169.33,145,267.6,169.301,145,0
21.7,266.84,169.398,145,267.583,169.38,145,0
21.75,266.84,169.47,145,267.566,169.46,145,0
21.8,266.84,169.538,145,267.551,169.532,145,0
21.85,266.84,169.608,145,267.536,169.605,145,0
21.9,266.84,169.676,145,267.521,169.675,145,0
21.95,266.84,169.744,145,267.506,169.746,145,0
22.0,266.84,169.811,145,267.491,169.815,145,0
22.05,266.84,169.885,145,267.475,169.892,145,0
22.1,266.84,169.958,145,267.459,169.966,145,0
22.15,266.84,170.03,145,267.443,170.04,145,0
22.2,266.84,170.091,145,267.43,170.103,145,0
22.25,266.84,170.165,145,267.414,170.178,145,0
22.3,266.84,170.233,145,267.399,170.249,145,0
22.35,266.84,170.308,145,267.383,170.323,145,0
22.4,266.84,170.379,145,267.368,170.393,145,0
22.45,266.84,170.447,145,267.354,170.459,145,0
22.5,266.84,170.519,145,267.34,170.527,145,0
22.55,266.84,170.58,145,267.327,170.584,145,0
22.6,266.84,170.652,145,267.313,170.652,145,0
22.65,266.84,170.714,145,267.301,170.707,145,0
22.7,266.84,170.782,145,267.289,170.766,145,0
22.75,266.84,170.852,145,267.277,170.824,145,0
22.8,266.84,170.915,145,267.27,170.854,145,0
22.85,266.84,170.979,145,267.257,170.915,145,0
22.9,266.84,171.053,145,267.242,170.984,145,0
22.95,266.84,171.121,145,267.229,171.049,145,0
23.0,266.84,171.183,145,267.216,171.11,145,0
23.05,266.84,171.246,145,267.202,171.173,145,0
23.1,266.84,171.319,145,267.187,171.243,145,0
23.15,266.84,171.385,145,267.174,171.308,145,0
23.2,266.84,171.448,145,267.161,171.369,145,0
23.25,266.84,171.522,145,267.146,171.439,145,0
23.3,266.84,171.589,145,267.132,171.502,145,0
23.35,266.84,171.65,145,267.12,171.558,145,0
23.4,266.84,171.722,145,267.102,171.643,145,0
23.45,266.84,171.797,145,267.084,171.731,145,0
23.5,266.84,171.86,145,267.069,171.801,145,0
23.55,266.84,171.928,145,267.053,171.877,145,0
23.6,266.84,171.992,145,267.038,171.947,145,0
23.65,266.84,172.063,145,267.022,172.021,145,0
23.7,266.84,172.134,145,267.008,172.089,145,0
23.75,266.84,172.209,145,266.993,172.158,145,0
23.8,266.84,172.276,145,266.98,172.217,145,0
23.85,266.84,172.339,145,266.97,172.265,145,0
23.9,266.84,172.414,145,266.963,172.299,145,0
23.95,266.84,172.48,145,266.948,172.368,145,0
24.0,266.84,172.546,145,266.934,172.435,145,0
24.05,266.84,172.61,145,266.921,172.497,145,0
24.1,266.84,172.673,145,266.908,172.556,145,0
24.15,266.84,172.738,145,266.896,172.615,145,0
24.2,266.84,172.807,145,266.881,172.684,145,0
24.25,266.84,172.879,145,266.866,172.758,145,0
24.3,266.84,172.948,145,266.852,172.823,145,0
24.35,266.84,173.014,145,266.839,172.882,145,0
24.4,266.84,173.085,145,266.824,172.951,145,0
24.45,266.84,173.151,145,266.811,173.014,145,0
24.5,266.84,173.216,145,266.799,173.07,145,0
24.55,266.84,173.284,145,266.785,173.135,145,0
24.6,266.84,173.357,145,266.772,173.196,145,0
24.65,266.84,173.418,145,266.761,173.252,145,0
24.7,266.84,173.492,145,266.748,173.312,145,0
24.75,266.84,173.558,145,266.738,173.355,145,0
24.8,266.84,173.626,,,,,0
24.85,266.84,173.692,145,267.293,173.738,145,0
24.9,266.84,173.755,145,267.243,173.781,145,0
24.95,266.84,173.82,145,267.204,173.815,145,0
25.0,266.84,173.89,145,267.11,173.897,145,0
25.05,266.84,173.952,145,267.051,173.948,145,0
25.1,266.84,174.024,145,267.001,173.992,145,1
25.15,266.84,174.098,145,266.958,174.029,145,1
25.2,266.84,174.165,145,266.922,174.06,145,1
25.25,266.84,174.235,145,266.889,174.089,145,1
25.3,266.84,174.303,145,266.861,174.113,145,1
25.35,266.84,174.369,145,266.845,174.127,145,1
25.4,266.84,174.43,145,266.913,174.068,145,1
25.45,266.84,174.502,,,,,1
25.5,266.84,174.565,145,267.15,174.596,145,1
25.55,266.84,174.635,145,266.977,174.62,145,2
25.6,266.84,174.7,145,266.916,174.629,145,2
25.65,266.84,174.769,145,266.896,174.632,145,2
25.7,266.84,174.84,145,266.886,174.633,145,2
25.75,266.84,174.903,145,266.892,174.632,145,2
25.8,266.84,174.966,145,266.969,174.621,145,2
25.85,266.84,175.028,,,,,3
25.9,266.84,175.097,145,266.912,175.051,145,3
25.95,266.84,175.157,145,266.887,175.047,145,3
26.0,266.84,175.223,145,266.887,175.047,145,3
26.05,266.84,175.291,145,266.9,175.049,145,3
26.1,266.84,175.356,145,266.931,175.053,145,3
26.15,266.84,175.424,145,267.084,175.075,145,3
26.2,266.84,175.498,,,,,4
26.25,266.84,175.563,,,,,4
26.3,266.84,175.629,145,266.845,175.553,145,4
26.35,266.84,175.69,145,266.845,175.553,145,4
26.4,266.84,175.756,145,266.868,175.573,145,4
26.45,266.84,175.82,145,266.895,175.597,145,4
26.5,266.84,175.894,145,266.931,175.628,145,4
26.55,266.84,175.957,145,266.967,175.659,145,4
26.6,266.84,176.029,145,267.013,175.699,145,4
26.65,266.84,176.098,145,267.078,175.756,145,4
26.7,266.84,176.162,145,267.154,175.822,145,5
26.75,266.84,176.232,145,267.195,175.858,145,5
26.8,266.84,176.303,145,267.257,175.911,145,5
26.85,266.84,176.374,145,266.721,176.245,145,5
26.9,266.84,176.442,145,266.728,176.277,145,5
26.95,266.84,176.514,145,266.74,176.331,145,5
27.0,266.84,176.58,145,266.752,176.389,145,5
27.05,266.84,176.642,145,266.763,176.442,145,5
27.1,266.84,176.715,145,266.778,176.509,145,5
27.15,266.84,176.781,145,266.79,176.568,145,5
27.2,266.84,176.855,145,266.805,176.636,145,5
27.25,266.84,176.919,145,266.817,176.694,145,5
27.3,266.84,176.994,145,266.832,176.766,145,5
27.35,266.84,177.055,145,266.844,176.823,145,5
27.4,266.84,177.126,145,266.858,176.886,145,5
27.45,266.84,177.189,145,266.87,176.946,145,5
27.5,266.84,177.256,145,266.884,177.011,145,5
27.55,266.84,177.324,145,266.899,177.078,145,5
27.6,266.84,177.389,145,266.911,177.136,145,5
27.65,266.84,177.463,145,266.925,177.204,145,5
27.7,266.84,177.53,145,266.939,177.269,145,5
27.75,266.84,177.6,145,266.953,177.334,145,5
27.8,266.84,177.664,145,266.966,177.397,145,5
27.85,266.84,177.727,145,266.98,177.462,145,5
27.9,266.84,177.802,145,266.994,177.528,145,5
27.95,266.84,177.877,145,267.006,177.585,145,5
28.0,266.84,177.946,145,267.018,177.641,145,5
28.05,266.84,178.012,145,267.03,177.698,145,5
28.1,266.84,178.073,145,267.042,177.753,145,5
28.15,266.84,178.135,145,267.054,177.811,145,5
28.2,266.84,178.209,145,267.069,177.879,145,5
28.25,266.84,178.28,145,267.082,177.939,145,5
28.3,266.84,178.344,145,267.093,177.994,145,5
28.35,266.84,178.404,145,267.105,178.048,145,5
28.4,266.84,178.473,145,267.119,178.113,145,5
28.45,266.84,178.535,145,267.131,178.172,145,5
28.5,266.84,178.601,145,267.145,178.235,145,5
28.55,266.84,178.674,145,267.16,178.307,145,5
28.6,266.84,178.735,145,267.173,178.369,145,5
28.65,266.84,178.807,145,267.189,178.444,145,5
28.7,266.84,178.871,145,267.204,178.513,145,5
28.75,266.84,178.943,145,267.22,178.59,145,5
28.8,266.84,179.016,145,267.237,178.671,145,5
28.85,266.84,179.077,145,267.252,178.74,145,5
28.9,266.84,179.139,145,267.266,178.804,145,5
28.95,266.84,179.204,145,267.279,178.867,145,5
29.0,266.84,179.278,145,267.294,178.938,145,5
29.05,266.84,179.348,145,267.309,179.008,145,5
29.1,266.84,179.409,145,267.322,179.068,145,5
29.15,266.84,179.473,145,267.333,179.122,145,5
29.2,266.84,179.545,145,267.346,179.182,145,5
29.25,266.84,179.612,145,267.358,179.24,145,5
29.3,266.84,179.68,145,267.371,179.299,145,5
29.35,266.84,179.747,145,267.383,179.358,145,5
29.4,266.84,179.815,145,267.396,179.419,145,5
29.45,266.84,179.888,145,267.41,179.485,145,5
29.5,266.84,179.959,145,267.424,179.552,145,5
29.55,266.84,180.032,145,267.439,179.62,145,5
29.6,266.84,180.097,145,267.452,179.681,145,5
29.65,266.84,180.159,145,267.464,179.74,145,5
29.7,266.84,180.226,145,267.478,179.805,145,5
29.75,266.84,180.299,145,267.493,179.874,145,5
29.8,266.84,180.36,145,267.506,179.935,145,5
29.85,266.84,180.423,145,267.519,179.998,145,5
29.9,266.84,180.491,145,267.534,180.065,145,5
29.95,266.84,180.553,145,267.547,180.127,145,5
30.0,266.84,180.615,145,267.56,180.19,145,5
30.05,266.84,180.684,145,267.575,180.26,145,5
30.1,266.84,180.749,145,267.589,180.328,145,5
30.15,266.84,180.82,145,267.605,180.403,145,5
30.2,266.84,180.886,145,267.62,180.472,145,5
30.25,266.84,180.956,145,267.636,180.548,145,5
30.3,266.84,181.023,145,267.652,180.624,145,5
30.35,266.84,181.093,145,267.669,180.701,145,5
30.4,266.84,181.159,145,267.685,180.776,145,5
30.45,266.84,181.228,145,267.701,180.853,145,5
30.5,266.84,181.3,145,267.716,180.922,145,5
30.55,266.84,181.375,145,267.731,180.995,145,5
30.6,266.84,181.447,,,,,5
30.65,266.84,181.52,,,,,5
30.7,266.84,181.582,,,,,5
30.75,266.84,181.645,,,,,5
30.8,266.84,181.709,,,,,5
31.15,266.84,168.645,0,267.742,168.636,0,0
31.2,266.84,168.713,0,267.728,168.699,0,0
31.25,266.84,168.779,0,267.715,168.76,0,0
31.3,266.84,168.842,0,267.703,168.818,0,0
31.35,266.84,168.906,0,267.69,168.876,0,0
31.4,266.84,168.968,0,267.678,168.937,0,0
31.45,266.84,169.033,0,267.663,169.003,0,0
31.5,266.84,169.099,0,267.649,169.071,0,0
31.55,266.84,169.16,0,267.636,169.132,0,0
31.6,266.84,169.226,0,267.622,169.197,0,0
31.65,266.84,169.288,0,267.609,169.259,0,0
31.7,266.84,169.349,0,267.596,169.322,0,0
31.75,266.84,169.41,0,267.581,169.394,0,0
31.8,266.84,169.48,0,267.564,169.47,0,0
31.85,266.84,169.543,0,267.55,169.537,0,0
31.9,266.84,169.613,0,267.535,169.61,0,0
31.95,266.84,169.676,0,267.521,169.675,0,0
32.0,266.84,169.744,0,267.506,169.746,0,0
32.05,266.84,169.805,0,267.492,169.808,0,0
32.1,266.84,169.876,0,267.477,169.882,0,0
32.15,266.84,169.935,0,267.464,169.943,0,0
32.2,266.84,169.998,0,267.45,170.008,0,0
32.25,266.84,170.069,0,267.435,170.08,0,0
32.3,266.84,170.139,0,267.419,170.152,0,0
32.35,266.84,170.207,0,267.405,170.221,0,0
32.4,266.84,170.275,0,267.39,170.29,0,0
32.45,266.84,170.345,0,267.375,170.36,0,0
32.5,266.84,170.409,0,267.362,170.422,0,0
32.55,266.84,170.476,0,267.348,170.486,0,0
32.6,266.84,170.543,0,267.335,170.551,0,0
32.65,266.84,170.615,0,267.32,170.617,0,0
32.7,266.84,170.677,0,267.308,170.674,0,0
32.75,266.84,170.74,0,267.297,170.73,0,0
32.8,266.84,170.801,0,267.285,170.783,0,0
32.85,266.84,170.872,0,267.273,170.839,0,0
32.9,266.84,170.934,0,267.266,170.872,0,0
32.95,266.84,170.998,0,267.253,170.932,0,0
33.0,266.84,171.067,0,267.24,170.998,0,0
33.05,266.84,171.135,0,267.226,171.062,0,0
33.1,266.84,171.204,0,267.211,171.131,0,0
33.15,266.84,171.267,0,267.198,171.194,0,0
33.2,266.84,171.332,0,267.184,171.257,0,0
33.25,266.84,171.391,0,267.172,171.314,0,0
33.3,266.84,171.457,0,267.159,171.376,0,0
33.35,266.84,171.515,0,267.147,171.432,0,0
33.4,266.84,171.579,0,267.135,171.492,0,0
33.45,266.84,171.637,0,267.123,171.547,0,0
33.5,266.84,171.697,0,267.109,171.613,0,0
33.55,266.84,171.758,0,267.093,171.686,0,0
33.6,266.84,171.822,0,267.078,171.758,0,0
33.65,266.84,171.891,0,267.061,171.836,0,0
33.7,266.84,171.949,0,267.048,171.901,0,0
33.75,266.84,172.017,0,267.032,171.973,0,0
33.8,266.84,172.077,0,267.019,172.035,0,0
33.85,266.84,172.136,0,267.007,172.091,0,0
33.9,266.84,172.207,0,266.993,172.157,0,0
33.95,266.84,172.278,0,266.98,172.218,0,0
34.0,266.84,172.348,0,266.969,172.27,0,0
34.05,266.84,172.412,0,266.963,172.297,0,0
34.1,266.84,172.479,0,266.948,172.368,0,0
34.15,266.84,172.549,0,266.933,172.439,0,0
34.2,266.84,172.617,0,266.919,172.504,0,0
34.25,266.84,172.679,0,266.907,172.562,0,0
34.3,266.84,172.743,0,266.895,172.619,0,0
34.35,266.84,172.81,0,266.88,172.688,0,0
34.4,266.84,172.868,0,266.868,172.747,0,0
34.45,266.84,172.931,0,266.855,172.806,0,0
34.5,266.84,172.996,0,266.842,172.866,0,0
34.55,266.84,173.055,0,266.831,172.922,0,0
34.6,266.84,173.122,0,266.817,172.987,0,0
34.65,266.84,173.186,0,266.805,173.044,0,0
34.7,266.84,173.255,0,266.791,173.108,0,0
34.75,266.84,173.314,0,266.78,173.161,0,0
34.8,266.84,173.384,0,266.767,173.221,0,0
34.85,266.84,173.446,0,266.756,173.275,0,0
34.9,266.84,173.517,0,266.744,173.331,0,0
34.95,266.84,173.581,0,266.736,173.366,0,0
35.0,266.84,173.645,0,267.346,173.691,0,0
35.05,266.84,173.711,0,267.275,173.753,0,0
35.1,266.84,173.778,0,267.229,173.794,0,0
35.15,266.84,173.848,0,267.184,173.832,0,0
35.2,266.84,173.906,0,267.091,173.913,0,0
35.25,266.84,173.967,0,267.038,173.959,0,0
35.3,266.84,174.025,0,267.0,173.992,0,1
35.35,266.84,174.09,0,266.963,174.024,0,1
35.4,266.84,174.154,0,266.928,174.055,0,1
35.45,266.84,174.22,0,266.895,174.083,0,1
35.5,266.84,174.29,0,266.866,174.109,0,1
35.55,266.84,174.36,0,266.845,174.127,0,1
35.6,266.84,174.42,0,266.89,174.088,0,1
35.65,266.84,174.486,,,,,1
35.7,266.84,174.551,,,,,1
35.75,266.84,174.62,0,267.087,174.605,0,2
35.8,266.84,174.689,0,266.921,174.628,0,2
35.85,266.84,174.755,0,266.899,174.631,0,2
35.9,266.84,174.826,0,266.887,174.633,0,2
35.95,266.84,174.886,0,266.887,174.633,0,2
36.0,266.84,174.948,0,266.933,174.627,0,2
36.05,266.84,175.011,0,267.156,174.595,0,3
36.1,266.84,175.069,0,267.072,175.073,0,3
36.15,266.84,175.14,0,266.889,175.047,0,3
36.2,266.84,175.202,0,266.886,175.047,0,3
36.25,266.84,175.259,0,266.892,175.048,0,3
36.3,266.84,175.319,0,266.909,175.05,0,3
36.35,266.84,175.376,0,266.953,175.056,0,3
36.4,266.84,175.439,0,267.098,175.077,0,3
36.45,266.84,175.496,,,,,4
36.5,266.84,175.559,,,,,4
36.55,266.84,175.621,0,266.85,175.557,0,4
36.6,266.84,175.682,0,266.843,175.551,0,4
36.65,266.84,175.749,0,266.866,175.571,0,4
36.7,266.84,175.819,0,266.894,175.596,0,4
36.75,266.84,175.88,0,266.925,175.622,0,4
36.8,266.84,175.944,0,266.958,175.652,0,4
36.85,266.84,176.01,0,266.998,175.686,0,4
36.9,266.84,176.073,0,267.052,175.733,0,4
36.95,266.84,176.134,0,267.125,175.797,0,4
37.0,266.84,176.198,0,267.174,175.839,0,5
37.05,266.84,176.257,0,267.214,175.873,0,5
37.1,266.84,176.321,0,267.28,175.931,0,5
37.15,266.84,176.388,0,266.722,176.248,0,5
37.2,266.84,176.458,0,266.731,176.288,0,5
37.25,266.84,176.524,0,266.741,176.338,0,5
37.3,266.84,176.59,0,266.754,176.397,0,5
37.35,266.84,176.649,0,266.765,176.449,0,5
37.4,266.84,176.717,0,266.778,176.51,0,5
37.45,266.84,176.784,0,266.791,176.571,0,5
37.5,266.84,176.854,0,266.805,176.636,0,5
37.55,266.84,176.924,0,266.818,176.698,0,5
37.6,266.84,176.993,0,266.832,176.766,0,5
37.65,266.84,177.059,0,266.845,176.826,0,5
37.7,266.84,177.121,0,266.857,176.881,0,5
37.75,266.84,177.182,0,266.869,176.94,0,5
37.8,266.84,177.248,0,266.883,177.004,0,5
37.85,266.84,177.305,0,266.895,177.061,0,5
37.9,266.84,177.367,0,266.907,177.116,0,5
37.95,266.84,177.437,0,266.92,177.181,0,5
38.0,266.84,177.508,0,266.935,177.247,0,5
38.05,266.84,177.572,0,266.947,177.307,0,5
38.1,266.84,177.643,0,266.962,177.376,0,5
38.15,266.84,177.705,0,266.975,177.44,0,5
38.2,266.84,177.768,0,266.989,177.503,0,5
38.25,266.84,177.838,0,267.0,177.554,0,5
38.3,266.84,177.909,0,267.012,177.61,0,5
38.35,266.84,177.979,0,267.024,177.67,0,5
38.4,266.84,178.039,0,267.036,177.723,0,5
38.45,266.84,178.1,0,267.047,177.777,0,5
38.5,266.84,178.158,0,267.059,177.833,0,5
38.55,266.84,178.216,0,267.07,177.884,0,5
38.6,266.84,178.278,0,267.081,177.937,0,5
38.65,266.84,178.342,0,267.093,177.993,0,5
38.7,266.84,178.405,0,267.105,178.05,0,5
38.75,266.84,178.467,0,267.117,178.107,0,5
38.8,266.84,178.53,0,267.13,178.167,0,5
38.85,266.84,178.602,0,267.145,178.235,0,5
38.9,266.84,178.664,0,267.158,178.297,0,5
38.95,266.84,178.735,0,267.173,178.368,0,5
39.0,266.84,178.792,0,267.185,178.428,0,5
39.05,266.84,178.85,0,267.199,178.489,0,5
39.1,266.84,178.915,0,267.214,178.56,0,5
39.15,266.84,178.984,0,267.23,178.635,0,5
39.2,266.84,179.043,0,267.244,178.702,0,5
39.25,266.84,179.109,0,267.259,178.775,0,5
39.3,266.84,179.175,0,267.273,178.84,0,5
39.35,266.84,179.24,0,267.286,178.902,0,5
39.4,266.84,179.299,0,267.299,178.96,0,5
39.45,266.84,179.369,0,267.313,179.028,0,5
39.5,266.84,179.44,0,267.327,179.096,0,5
39.55,266.84,179.507,0,267.339,179.151,0,5
39.6,266.84,179.567,0,267.35,179.202,0,5
39.65,266.84,179.639,0,267.363,179.263,0,5
39.7,266.84,179.703,0,267.375,179.319,0,5
39.75,266.84,179.767,0,267.387,179.376,0,5
39.8,266.84,179.832,0,267.399,179.434,0,5
39.85,266.84,179.902,0,267.413,179.499,0,5
39.9,266.84,179.972,0,267.427,179.563,0,5
39.95,266.84,180.039,0,267.44,179.626,0,5
40.0,266.84,180.111,0,267.455,179.694,0,5
40.05,266.84,180.175,0,267.468,179.755,0,5
40.1,266.84,180.243,0,267.482,179.821,0,5
40.15,266.84,180.31,0,267.495,179.886,0,5
40.2,266.84,180.367,0,267.507,179.942,0,5
40.25,266.84,180.425,0,267.519,179.999,0,5
40.3,266.84,180.491,0,267.534,180.065,0,5
40.35,266.84,180.556,0,267.547,180.13,0,5
40.4,266.84,180.617,0,267.56,180.191,0,5
40.45,266.84,180.68,0,267.574,180.256,0,5
40.5,266.84,180.744,0,267.588,180.322,0,5
40.55,266.84,180.807,0,267.602,180.389,0,5
40.6,266.84,180.877,0,267.618,180.463,0,5
40.65,266.84,180.937,0,267.632,180.528,0,5
40.7,266.84,180.998,0,267.646,180.595,0,5
40.75,266.84,181.064,0,267.662,180.669,0,5
40.8,266.84,181.131,0,267.678,180.745,0,5
40.85,266.84,181.188,0,267.692,180.811,0,5
40.9,266.84,181.252,0,267.706,180.875,0,5
40.95,266.84,181.322,0,267.72,180.943,0,5
41.0,266.84,181.392,0,267.735,181.012,0,5
41.05,266.84,181.45,,,,,5
41.1,266.84,181.512,,,,,5
41.15,266.84,181.581,,,,,5
41.2,266.84,181.645,,,,,5
41.5,266.84,168.677,47,267.735,168.666,47,0
41.55,266.84,168.729,47,267.725,168.715,47,0
41.6,266.84,168.784,47,267.714,168.765,47,0
41.65,266.84,168.842,47,267.703,168.818,47,0
41.7,266.84,168.898,47,267.692,168.869,47,0
41.75,266.84,168.945,47,267.683,168.912,47,0
41.8,266.84,169.0,47,267.671,168.969,47,0
41.85,266.84,169.049,47,267.66,169.02,47,0
41.9,266.84,169.101,47,267.649,169.072,47,0
41.95,266.84,169.156,47,267.637,169.128,47,0
42.0,266.84,169.214,47,267.625,169.185,47,0
42.05,266.84,169.262,47,267.615,169.233,47,0
42.1,266.84,169.313,47,267.604,169.283,47,0
42.15,266.84,169.36,47,267.593,169.336,47,0
42.2,266.84,169.41,47,267.581,169.394,47,0
42.25,266.84,169.467,47,267.567,169.456,47,0
42.3,266.84,169.522,47,267.555,169.515,47,0
42.35,266.84,169.574,47,267.543,169.57,47,0
42.4,266.84,169.624,47,267.532,169.622,47,0
42.45,266.84,169.681,47,267.52,169.68,47,0
42.5,266.84,169.729,47,267.509,169.73,47,0
42.55,266.84,169.78,47,267.498,169.783,47,0
42.6,266.84,169.829,47,267.487,169.834,47,0
42.65,266.84,169.886,47,267.474,169.893,47,0
42.7,266.84,169.943,47,267.462,169.95,47,0
42.75,266.84,169.991,47,267.452,170.0,47,0
42.8,266.84,170.044,47,267.44,170.055,47,0
42.85,266.84,170.101,47,267.427,170.114,47,0
42.9,266.84,170.157,47,267.415,170.17,47,0
42.95,266.84,170.21,47,267.404,170.225,47,0
43.0,266.84,170.257,47,267.394,170.272,47,0
43.05,266.84,170.309,47,267.383,170.324,47,0
43.1,266.84,170.362,47,267.372,170.376,47,0
43.15,266.84,170.413,47,267.361,170.426,47,0
43.2,266.84,170.465,47,267.351,170.476,47,0
43.25,266.84,170.522,47,267.339,170.53,47,0
43.3,266.84,170.578,47,267.328,170.583,47,0
43.35,266.84,170.632,47,267.317,170.633,47,0
43.4,266.84,170.688,47,267.306,170.684,47,0
43.45,266.84,170.744,47,267.296,170.734,47,0
43.5,266.84,170.791,47,267.287,170.774,47,0
43.55,266.84,170.846,47,267.278,170.819,47,0
43.6,266.84,170.895,47,267.27,170.855,47,0
43.65,266.84,170.947,47,267.264,170.884,47,0
43.7,266.84,170.998,47,267.253,170.932,47,0
43.75,266.84,171.045,47,267.244,170.977,47,0
43.8,266.84,171.093,47,267.235,171.021,47,0
43.85,266.84,171.148,47,267.223,171.075,47,0
43.9,266.84,171.204,47,267.211,171.131,47,0
43.95,266.84,171.255,47,267.201,171.181,47,0
44.0,266.84,171.311,47,267.189,171.237,47,0
44.05,266.84,171.365,47,267.178,171.289,47,0
44.1,266.84,171.412,47,267.168,171.334,47,0
44.15,266.84,171.469,47,267.157,171.388,47,0
44.2,266.84,171.519,47,267.146,171.436,47,0
44.25,266.84,171.572,47,267.136,171.486,47,0
44.3,266.84,171.63,47,267.124,171.54,47,0
44.35,266.84,171.678,47,267.113,171.592,47,0
44.4,266.84,171.734,47,267.099,171.657,47,0
44.45,266.84,171.784,47,267.087,171.715,47,0
44.5,266.84,171.838,47,267.074,171.777,47,0
44.55,266.84,171.895,47,267.06,171.841,47,0
44.6,266.84,171.943,47,267.049,171.894,47,0
44.65,266.84,171.994,47,267.037,171.95,47,0
44.7,266.84,172.044,47,267.026,172.0,47,0
44.75,266.84,172.101,47,267.014,172.058,47,0
44.8,266.84,172.15,47,267.004,172.105,47,0
44.85,266.84,172.203,47,266.994,172.154,47,0
44.9,266.84,172.26,47,266.983,172.203,47,0
44.95,266.84,172.312,47,266.974,172.245,47,0
45.0,266.84,172.359,47,266.967,172.278,47,0
45.05,266.84,172.412,47,266.963,172.297,47,0
45.1,266.84,172.458,47,266.953,172.347,47,0
45.15,266.84,172.506,47,266.943,172.395,47,0
45.2,266.84,172.556,47,266.932,172.445,47,0
45.25,266.84,172.603,47,266.922,172.491,47,0
45.3,266.84,172.651,47,266.912,172.537,47,0
45.35,266.84,172.701,47,266.903,172.582,47,0
45.4,266.84,172.757,47,266.892,172.631,47,0
45.45,266.84,172.808,47,266.881,172.686,47,0
45.5,266.84,172.856,47,266.87,172.735,47,0
45.55,266.84,172.906,47,266.86,172.783,47,0
45.6,266.84,172.953,47,266.851,172.827,47,0
45.65,266.84,173.01,47,266.84,172.879,47,0
45.7,266.84,173.064,47,266.828,172.932,47,0
45.75,266.84,173.113,47,266.819,172.979,47,0
45.8,266.84,173.161,47,266.809,173.023,47,0
45.85,266.84,173.215,47,266.799,173.069,47,0
45.9,266.84,173.263,47,266.789,173.116,47,0
45.95,266.84,173.319,47,266.779,173.165,47,0
46.0,266.84,173.368,47,266.77,173.207,47,0
46.05,266.84,173.416,47,266.761,173.25,47,0
46.1,266.84,173.464,47,266.752,173.291,47,0
46.15,266.84,173.52,47,266.743,173.333,47,0
46.2,266.84,173.569,47,266.737,173.361,47,0
46.25,266.84,173.618,47,266.736,173.369,47,0
46.3,266.84,173.672,47,267.313,173.72,47,0
46.35,266.84,173.722,47,267.267,173.76,47,0
46.4,266.84,173.777,47,267.229,173.794,47,0
46.45,266.84,173.827,47,267.199,173.819,47,0
46.5,266.84,173.874,47,267.132,173.877,47,0
46.55,266.84,173.927,47,267.071,173.931,47,0
46.6,266.84,173.977,47,267.031,173.965,47,0
46.65,266.84,174.024,47,267.001,173.992,47,1
46.7,266.84,174.074,47,266.971,174.017,47,1
46.75,266.84,174.12,47,266.945,174.04,47,1
46.8,266.84,174.177,47,266.916,174.065,47,1
46.85,266.84,174.226,47,266.892,174.086,47,1
46.9,266.84,174.279,47,266.87,174.105,47,1
46.95,266.84,174.332,47,266.851,174.122,47,1
47.0,266.84,174.384,47,266.848,174.125,47,1
47.05,266.84,174.436,,,,,1
47.1,266.84,174.489,,,,,1
47.15,266.84,174.543,,,,,1
47.2,266.84,174.589,47,267.114,174.601,47,2
47.25,266.84,174.637,47,266.974,174.621,47,2
47.3,266.84,174.687,47,266.922,174.628,47,2
47.35,266.84,174.743,47,266.902,174.631,47,2
47.4,266.84,174.79,47,266.891,174.632,47,2
47.45,266.84,174.842,47,266.886,174.633,47,2
47.5,266.84,174.899,47,266.89,174.633,47,2
47.55,266.84,174.952,47,266.94,174.626,47,2
47.6,266.84,175.001,47,267.129,174.599,47,3
47.65,266.84,175.053,47,267.105,175.078,47,3
47.7,266.84,175.106,47,266.904,175.049,47,3
47.75,266.84,175.155,47,266.887,175.047,47,3
47.8,266.84,175.207,47,266.886,175.047,47,3
47.85,266.84,175.255,47,266.892,175.048,47,3
47.9,266.84,175.311,47,266.906,175.05,47,3
47.95,266.84,175.362,47,266.936,175.054,47,3
48.0,266.84,175.409,47,267.01,175.064,47,3
48.05,266.84,175.46,47,267.125,175.08,47,4
48.1,266.84,175.516,,,,,4
48.15,266.84,175.57,,,,,4
48.2,266.84,175.62,47,266.851,175.558,47,4
48.25,266.84,175.668,47,266.841,175.549,47,4
48.3,266.84,175.716,47,266.854,175.56,47,4
48.35,266.84,175.774,47,266.875,175.579,47,4
48.4,266.84,175.83,47,266.9,175.6,47,4
48.45,266.84,175.887,47,266.928,175.625,47,4
48.5,266.84,175.934,47,266.953,175.647,47,4
48.55,266.84,175.984,47,266.981,175.671,47,4
48.6,266.84,176.036,47,267.018,175.703,47,4
48.65,266.84,176.084,47,267.064,175.743,47,4
48.7,266.84,176.138,47,267.134,175.804,47,4
48.75,266.84,176.186,47,267.168,175.834,47,5
48.8,266.84,176.238,47,267.199,175.861,47,5
48.85,266.84,176.285,47,267.238,175.894,47,5
48.9,266.84,176.339,47,267.312,175.959,47,5
48.95,266.84,176.394,47,266.723,176.251,47,5
49.0,266.84,176.446,47,266.729,176.28,47,5
49.05,266.84,176.501,47,266.737,176.32,47,5
49.1,266.84,176.547,47,266.746,176.359,47,5
49.15,266.84,176.6,47,266.756,176.405,47,5
49.2,266.84,176.646,47,266.764,176.446,47,5
49.25,266.84,176.693,47,266.774,176.49,47,5
49.3,266.84,176.747,47,266.784,176.537,47,5
49.35,266.84,176.8,47,266.794,176.586,47,5
49.4,266.84,176.852,47,266.804,176.634,47,5
49.45,266.84,176.907,47,266.815,176.683,47,5
49.5,266.84,176.962,47,266.826,176.735,47,5
49.55,266.84,177.009,47,266.836,176.783,47,5
49.6,266.84,177.063,47,266.846,176.83,47,5
49.65,266.84,177.11,47,266.855,176.872,47,5
49.7,266.84,177.16,47,266.865,176.919,47,5
49.75,266.84,177.207,47,266.874,176.964,47,5
49.8,266.84,177.257,47,266.885,177.012,47,5
49.85,266.84,177.311,47,266.896,177.066,47,5
49.9,266.84,177.361,47,266.905,177.11,47,5
49.95,266.84,177.407,47,266.914,177.152,47,5
50.0,266.84,177.454,47,266.924,177.195,47,5
50.05,266.84,177.508,47,266.935,177.247,47,5
50.1,266.84,177.558,47,266.945,177.294,47,5
50.15,266.84,177.604,47,266.954,177.338,47,5
50.2,266.84,177.661,47,266.966,177.394,47,5
50.25,266.84,177.708,47,266.976,177.442,47,5
50.3,266.84,177.761,47,266.988,177.498,47,5
50.35,266.84,177.815,47,266.996,177.537,47,5
50.4,266.84,177.862,47,267.004,177.573,47,5
50.45,266.84,177.911,47,267.012,177.612,47,5
50.5,266.84,177.961,47,267.021,177.654,47,5
50.55,266.84,178.009,47,267.03,177.695,47,5
50.6,266.84,178.057,47,267.039,177.738,47,5
50.65,266.84,178.103,47,267.048,177.78,47,5
50.7,266.84,178.153,47,267.058,177.827,47,5
50.75,266.84,178.206,47,267.068,177.875,47,5
50.8,266.84,178.258,47,267.077,177.919,47,5
50.85,266.84,178.309,47,267.087,177.964,47,5
50.9,266.84,178.363,47,267.097,178.012,47,5
50.95,266.84,178.416,47,267.107,178.06,47,5
51.0,266.84,178.464,47,267.117,178.104,47,5
51.05,266.84,178.513,47,267.126,178.15,47,5
51.1,266.84,178.56,47,267.136,178.195,47,5
51.15,266.84,178.614,47,267.147,178.247,47,5
51.2,266.84,178.663,47,267.158,178.297,47,5
51.25,266.84,178.718,47,267.169,178.352,47,5
51.3,266.84,178.774,47,267.182,178.409,47,5
51.35,266.84,178.821,47,267.192,178.458,47,5
51.4,266.84,178.875,47,267.204,178.517,47,5
51.45,266.84,178.929,47,267.217,178.575,47,5
51.5,266.84,178.976,47,267.228,178.627,47,5
51.55,266.84,179.033,47,267.241,178.69,47,5
51.6,266.84,179.081,47,267.253,178.744,47,5
51.65,266.84,179.137,47,267.265,178.802,47,5
51.7,266.84,179.187,47,267.276,178.851,47,5
51.75,266.84,179.239,47,267.286,178.901,47,5
51.8,266.84,179.29,47,267.297,178.951,47,5
51.85,266.84,179.337,47,267.306,178.997,47,5
51.9,266.84,179.389,47,267.318,179.049,47,5
51.95,266.84,179.442,47,267.328,179.098,47,5
52.0,266.84,179.491,47,267.336,179.137,47,5
52.05,266.84,179.544,47,267.346,179.182,47,5
52.1,266.84,179.594,47,267.355,179.224,47,5
52.15,266.84,179.646,47,267.364,179.269,47,5
52.2,266.84,179.701,47,267.374,179.317,47,5
52.25,266.84,179.748,47,267.384,179.36,47,5
52.3,266.84,179.798,47,267.393,179.404,47,5
52.35,266.84,179.848,47,267.403,179.449,47,5
52.4,266.84,179.894,47,267.412,179.492,47,5
52.45,266.84,179.949,47,267.422,179.542,47,5
52.5,266.84,180.004,47,267.433,179.594,47,5
52.55,266.84,180.056,47,267.443,179.642,47,5
52.6,266.84,180.105,47,267.453,179.689,47,5
52.65,266.84,180.152,47,267.463,179.734,47,5
52.7,266.84,180.208,47,267.474,179.786,47,5
52.75,266.84,180.259,47,267.485,179.836,47,5
52.8,266.84,180.311,47,267.495,179.886,47,5
52.85,266.84,180.365,47,267.507,179.94,47,5
52.9,266.84,180.417,47,267.518,179.991,47,5
52.95,266.84,180.469,47,267.529,180.043,47,5
53.0,266.84,180.519,47,267.539,180.093,47,5
53.05,266.84,180.574,47,267.551,180.148,47,5
53.1,266.84,180.627,47,267.563,180.202,47,5
53.15,266.84,180.683,47,267.575,180.26,47,5
53.2,266.84,180.739,47,267.587,180.318,47,5
53.25,266.84,180.788,47,267.598,180.368,47,5
53.3,266.84,180.835,47,267.609,180.418,47,5
53.35,266.84,180.882,47,267.619,180.468,47,5
53.4,266.84,180.938,47,267.632,180.529,47,5
53.45,266.84,180.992,47,267.645,180.589,47,5
53.5,266.84,181.041,47,267.656,180.642,47,5
53.55,266.84,181.092,47,267.668,180.7,47,5
53.6,266.84,181.144,47,267.681,180.759,47,5
53.65,266.84,181.201,47,267.695,180.825,47,5
53.7,266.84,181.257,47,267.707,180.88,47,5
53.75,266.84,181.306,47,267.717,180.927,47,5
53.8,266.84,181.356,47,267.727,180.977,47,5
53.85,266.84,181.403,47,267.737,181.023,47,5
53.9,266.84,181.458,184,266.99,172.174,184,5
53.95,266.84,181.504,184,266.977,172.231,184,5
54.0,266.84,181.553,184,266.968,172.276,184,5
51.15,266.84,168.648,47,267.147,178.247,47,0
51.2,266.84,168.711,47,267.158,178.297,47,0
51.25,266.84,168.777,47,267.169,178.352,47,0
51.3,266.84,168.837,47,267.182,178.409,47,0
51.35,266.84,168.908,47,267.192,178.458,47,0
51.4,266.84,168.967,47,267.204,178.517,47,0
51.45,266.84,169.03,47,267.217,178.575,47,0
51.5,266.84,169.096,47,267.228,178.627,47,0
51.55,266.84,169.157,47,267.241,178.69,47,0
51.6,266.84,169.226,47,267.253,178.744,47,0
51.65,266.84,169.293,47,267.265,178.802,47,0
51.7,266.84,169.358,47,267.276,178.851,47,0
51.75,266.84,169.421,47,267.286,178.901,47,0
51.8,266.84,169.484,47,267.297,178.951,47,0
51.85,266.84,169.544,47,267.306,178.997,47,0
51.9,266.84,169.611,47,267.318,179.049,47,0
51.95,266.84,169.681,47,267.328,179.098,47,0
52.0,266.84,169.75,47,267.336,179.137,47,0
52.05,266.84,169.821,47,267.346,179.182,47,0
52.1,266.84,169.888,47,267.355,179.224,47,0
52.15,266.84,169.957,47,267.364,179.269,47,0
52.2,266.84,170.02,47,267.374,179.317,47,0
52.25,266.84,170.085,47,267.384,179.36,47,0
52.3,266.84,170.157,47,267.393,179.404,47,0
52.35,266.84,170.227,47,267.403,179.449,47,0
52.4,266.84,170.299,47,267.412,179.492,47,0
52.45,266.84,170.363,47,267.422,179.542,47,0
52.5,266.84,170.426,47,267.433,179.594,47,0
52.55,266.84,170.488,47,267.443,179.642,47,0
52.6,266.84,170.546,47,267.453,179.689,47,0
52.65,266.84,170.607,47,267.463,179.734,47,0
52.7,266.84,170.678,47,267.474,179.786,47,0
52.75,266.84,170.744,47,267.485,179.836,47,0
52.8,266.84,170.813,47,267.495,179.886,47,0
52.85,266.84,170.883,47,267.507,179.94,47,0
52.9,266.84,170.949,47,267.518,179.991,47,0
52.95,266.84,171.011,47,267.529,180.043,47,0
53.0,266.84,171.075,47,267.539,180.093,47,0
53.05,266.84,171.141,47,267.551,180.148,47,0
53.1,266.84,171.203,47,267.563,180.202,47,0
53.15,266.84,171.266,47,267.575,180.26,47,0
53.2,266.84,171.335,47,267.587,180.318,47,0
53.25,266.84,171.403,47,267.598,180.368,47,0
53.3,266.84,171.462,47,267.609,180.418,47,0
53.35,266.84,171.527,47,267.619,180.468,47,0
53.4,266.84,171.595,47,267.632,180.529,47,0
53.45,266.84,171.661,47,267.645,180.589,47,0
53.5,266.84,171.724,47,267.656,180.642,47,0
53.55,266.84,171.782,47,267.668,180.7,47,0
53.6,266.84,171.851,47,267.681,180.759,47,0
53.65,266.84,171.913,47,267.695,180.825,47,0
53.7,266.84,171.979,47,267.707,180.88,47,0
53.75,266.84,172.039,47,267.717,180.927,47,0
53.8,266.84,172.105,47,267.727,180.977,47,0
53.85,266.84,172.166,47,267.737,181.023,47,0
53.9,266.84,172.226,184,266.99,172.174,184,0
53.95,266.84,172.294,184,266.977,172.231,184,0
54.0,266.84,172.357,184,266.968,172.276,184,0
54.05,266.84,172.419,184,266.962,172.306,184,0
54.1,266.84,172.481,184,266.948,172.37,184,0
54.15,266.84,172.55,184,266.933,172.439,184,0
54.2,266.84,172.614,184,266.92,172.501,184,0
54.25,266.84,172.682,184,266.906,172.565,184,0
54.3,266.84,172.751,184,266.893,172.627,184,0
54.35,266.84,172.811,184,266.88,172.689,184,0
54.4,266.84,172.875,184,266.866,172.754,184,0
54.45,266.84,172.947,184,266.852,172.822,184,0
54.5,266.84,173.017,184,266.839,172.884,184,0
54.55,266.84,173.087,184,266.824,172.954,184,0
54.6,266.84,173.148,184,266.812,173.011,184,0
54.65,266.84,173.219,184,266.799,173.072,184,0
54.7,266.84,173.288,184,266.785,173.138,184,0
54.75,266.84,173.354,184,266.773,173.194,184,0
54.8,266.84,173.418,184,266.761,173.252,184,0
54.85,266.84,173.477,184,266.75,173.301,184,0
54.9,266.84,173.539,184,266.741,173.344,184,0
54.95,266.84,173.61,184,266.735,173.372,184,0
55.0,266.84,173.671,184,267.313,173.72,184,0
55.05,266.84,173.739,184,267.254,173.771,184,0
55.1,266.84,173.799,184,267.216,173.805,184,0
55.15,266.84,173.872,184,267.137,173.874,184,0
55.2,266.84,173.943,184,267.057,173.942,184,0
55.25,266.84,174.01,184,267.009,173.984,184,1
55.3,266.84,174.079,184,266.968,174.02,184,1
55.35,266.84,174.143,184,266.934,174.05,184,1
55.4,266.84,174.211,184,266.9,174.08,184,1
55.45,266.84,174.273,184,266.872,174.103,184,1
55.5,266.84,174.336,184,266.85,174.123,184,1
55.55,266.84,174.395,184,266.851,174.122,184,1
55.6,266.84,174.459,,,,,1
55.65,266.84,174.526,,,,,1
55.7,266.84,174.586,184,267.117,174.601,184,2
55.75,266.84,174.657,184,266.947,174.625,184,2
55.8,266.84,174.723,184,266.908,174.63,184,2
55.85,266.84,174.785,184,266.892,174.632,184,2
55.9,266.84,174.845,184,266.885,174.633,184,2
55.95,266.84,174.912,184,266.896,174.632,184,2
56.0,266.84,174.984,184,267.09,174.604,184,3
56.05,266.84,175.051,184,267.112,175.079,184,3
56.1,266.84,175.121,184,266.895,175.048,184,3
56.15,266.84,175.186,184,266.885,175.047,184,3
56.2,266.84,175.254,184,266.891,175.048,184,3
56.25,266.84,175.319,184,266.909,175.05,184,3
56.3,266.84,175.377,184,266.953,175.056,184,3
56.35,266.84,175.441,184,267.1,175.077,184,3
56.4,266.84,175.511,,,,,4
56.45,266.84,175.574,,,,,4
56.5,266.84,175.634,184,266.843,175.551,184,4
56.55,266.84,175.693,184,266.846,175.554,184,4
56.6,266.84,175.756,184,266.868,175.573,184,4
56.65,266.84,175.82,184,266.895,175.597,184,4
56.7,266.84,175.882,184,266.925,175.623,184,4
56.75,266.84,175.947,184,266.961,175.654,184,4
56.8,266.84,176.011,184,266.999,175.687,184,4
56.85,266.84,176.082,184,267.06,175.74,184,4
56.9,266.84,176.151,184,267.147,175.816,184,5
56.95,266.84,176.217,184,267.186,175.849,184,5
57.0,266.84,176.289,184,267.242,175.898,184,5
57.05,266.84,176.353,184,266.722,176.246,184,5
57.1,266.84,176.418,184,266.725,176.263,184,5
57.15,266.84,176.485,184,266.735,176.307,184,5
57.2,266.84,176.55,184,266.746,176.362,184,5
57.25,266.84,176.609,184,266.757,176.413,184,5
57.3,266.84,176.677,184,266.77,176.475,184,5
57.35,266.84,176.741,184,266.782,176.531,184,5
57.4,266.84,176.813,184,266.797,176.599,184,5
57.45,266.84,176.882,184,266.81,176.66,184,5
57.5,266.84,176.941,184,266.821,176.715,184,5
57.55,266.84,177.004,184,266.835,176.777,184,5
57.6,266.84,177.074,184,266.848,176.839,184,5
57.65,266.84,177.136,184,266.86,176.896,184,5
57.7,266.84,177.194,184,266.872,176.952,184,5
57.75,266.84,177.267,184,266.887,177.022,184,5
57.8,266.84,177.335,184,266.901,177.088,184,5
57.85,266.84,177.4,184,266.913,177.146,184,5
57.9,266.84,177.471,184,266.927,177.212,184,5
57.95,266.84,177.536,184,266.94,177.274,184,5
58.0,266.84,177.606,184,266.954,177.34,184,5
58.05,266.84,177.676,184,266.969,177.41,184,5
58.1,266.84,177.736,184,266.982,177.472,184,5
58.15,266.84,177.808,184,266.995,177.532,184,5
58.2,266.84,177.871,184,267.005,177.58,184,5
58.25,266.84,177.93,184,267.015,177.628,184,5
58.3,266.84,177.998,184,267.028,177.685,184,5
58.35,266.84,178.061,184,267.04,177.742,184,5
58.4,266.84,178.131,184,267.053,177.807,184,5
58.45,266.84,178.195,184,267.066,177.867,184,5
58.5,266.84,178.262,184,267.078,177.923,184,5
58.55,266.84,178.329,184,267.091,177.982,184,5
58.6,266.84,178.393,184,267.103,178.039,184,5
58.65,266.84,178.46,184,267.116,178.1,184,5
58.7,266.84,178.522,184,267.128,178.159,184,5
58.75,266.84,178.583,184,267.141,178.217,184,5
58.8,266.84,178.652,184,267.155,178.285,184,5
58.85,266.84,178.721,184,267.17,178.354,184,5
58.9,266.84,178.783,184,267.183,178.418,184,5
58.95,266.84,178.855,184,267.2,178.495,184,5
59.0,266.84,178.916,184,267.214,178.562,184,5
59.05,266.84,178.986,184,267.23,178.638,184,5
59.1,266.84,179.049,184,267.245,178.708,184,5
59.15,266.84,179.115,184,267.261,178.781,184,5
59.2,266.84,179.179,184,267.274,178.843,184,5
59.25,266.84,179.244,184,267.287,178.906,184,5
59.3,266.84,179.315,184,267.302,178.976,184,5
59.35,266.84,179.383,184,267.316,179.042,184,5
59.4,266.84,179.451,184,267.329,179.105,184,5
59.45,266.84,179.514,184,267.34,179.157,184,5
59.5,266.84,179.584,184,267.353,179.215,184,5
59.55,266.84,179.649,184,267.365,179.272,184,5
59.6,266.84,179.708,184,267.376,179.324,184,5
59.65,266.84,179.779,184,267.389,179.387,184,5
59.7,266.84,179.845,184,267.402,179.447,184,5
59.75,266.84,179.913,184,267.415,179.51,184,5
59.8,266.84,179.978,184,267.428,179.569,184,5
59.85,266.84,180.04,184,267.44,179.627,184,5
59.9,266.84,180.103,184,267.453,179.687,184,5
59.95,266.84,180.174,184,267.467,179.754,184,5
60.0,266.84,180.241,184,267.481,179.819,184,5
60.05,266.84,180.308,184,267.495,179.883,184,5
60.1,266.84,180.37,184,267.508,179.945,184,5
60.15,266.84,180.438,184,267.522,180.012,184,5
60.2,266.84,180.504,184,267.536,180.078,184,5
60.25,266.84,180.563,184,267.549,180.137,184,5
60.3,266.84,180.631,184,267.563,180.206,184,5
60.35,266.84,180.697,184,267.578,180.274,184,5
60.4,266.84,180.766,184,267.593,180.346,184,5
60.45,266.84,180.832,184,267.608,180.415,184,5
60.5,266.84,180.894,184,267.622,180.482,184,5
60.55,266.84,180.962,184,267.638,180.555,184,5
60.6,266.84,181.031,184,267.654,180.632,184,5
60.65,266.84,181.101,184,267.671,180.71,184,5
60.7,266.84,181.162,184,267.686,180.78,184,5
60.75,266.84,181.221,184,267.699,180.846,184,5
60.8,266.84,181.293,184,267.714,180.915,184,5
60.85,266.84,181.364,184,267.729,180.984,184,5
60.9,266.84,181.431,184,267.743,181.05,184,5
60.95,266.84,181.497,,,,,5
61.0,266.84,181.556,,,,,5
61.05,266.84,181.62,,,,,5
61.1,266.84,181.687,,,,,5
61.35,266.84,168.631,,,,,0
61.4,266.84,168.688,54,267.733,168.676,54,0
61.45,266.84,168.747,54,267.721,168.731,54,0
61.5,266.84,168.806,54,267.71,168.785,54,0
61.55,266.84,168.861,54,267.699,168.835,54,0
61.6,266.84,168.912,54,267.689,168.881,54,0
61.65,266.84,168.968,54,267.678,168.936,54,0
61.7,266.84,169.028,54,267.665,168.999,54,0
61.75,266.84,169.083,54,267.653,169.054,54,0
61.8,266.84,169.133,54,267.642,169.104,54,0
61.85,266.84,169.191,54,267.63,169.162,54,0
61.9,266.84,169.243,54,267.619,169.214,54,0
61.95,266.84,169.303,54,267.606,169.273,54,0
62.0,266.84,169.355,54,267.594,169.33,54,0
62.05,266.84,169.415,54,267.579,169.401,54,0
62.1,266.84,169.473,54,267.566,169.463,54,0
62.15,266.84,169.522,54,267.555,169.516,54,0
62.2,266.84,169.574,54,267.543,169.569,54,0
62.25,266.84,169.627,54,267.531,169.625,54,0
62.3,266.84,169.684,54,267.519,169.684,54,0
62.35,266.84,169.742,54,267.506,169.744,54,0
62.4,266.84,169.796,54,267.494,169.8,54,0
62.45,266.84,169.856,54,267.481,169.861,54,0
62.5,266.84,169.907,54,267.47,169.914,54,0
62.55,266.84,169.965,54,267.457,169.974,54,0
62.6,266.84,170.024,54,267.445,170.033,54,0
62.65,266.84,170.08,54,267.432,170.092,54,0
62.7,266.84,170.133,54,267.421,170.146,54,0
62.75,266.84,170.19,54,267.408,170.204,54,0
62.8,266.84,170.241,54,267.397,170.255,54,0
62.85,266.84,170.292,54,267.387,170.306,54,0
62.9,266.84,170.343,54,267.376,170.357,54,0
62.95,266.84,170.399,54,267.364,170.412,54,0
63.0,266.84,170.449,54,267.354,170.461,54,0
63.05,266.84,170.51,54,267.341,170.52,54,0
63.1,266.84,170.562,54,267.331,170.568,54,0
63.15,266.84,170.612,54,267.321,170.614,54,0
63.2,266.84,170.662,54,267.311,170.66,54,0
63.25,266.84,170.724,54,267.299,170.716,54,0
63.3,266.84,170.784,54,267.288,170.768,54,0
63.35,266.84,170.837,54,267.279,170.812,54,0
63.4,266.84,170.893,54,267.27,170.853,54,0
63.45,266.84,170.951,54,267.263,170.887,54,0
63.5,266.84,171.005,54,267.252,170.94,54,0
63.55,266.84,171.063,54,267.24,170.994,54,0
63.6,266.84,171.115,54,267.23,171.043,54,0
63.65,266.84,171.173,54,267.218,171.101,54,0
63.7,266.84,171.233,54,267.205,171.159,54,0
63.75,266.84,171.288,54,267.194,171.214,54,0
63.8,266.84,171.341,54,267.183,171.265,54,0
63.85,266.84,171.393,54,267.172,171.315,54,0
63.9,266.84,171.443,54,267.162,171.364,54,0
63.95,266.84,171.501,54,267.15,171.419,54,0
64.0,266.84,171.563,54,267.138,171.477,54,0
64.05,266.84,171.614,54,267.127,171.525,54,0
64.1,266.84,171.668,54,267.116,171.579,54,0
64.15,266.84,171.727,54,267.101,171.649,54,0
64.2,266.84,171.786,54,267.087,171.718,54,0
64.25,266.84,171.847,54,267.072,171.787,54,0
64.3,266.84,171.906,54,267.058,171.854,54,0
64.35,266.84,171.964,54,267.044,171.917,54,0
64.4,266.84,172.018,54,267.032,171.974,54,0
64.45,266.84,172.075,54,267.02,172.033,54,0
64.5,266.84,172.137,54,267.007,172.092,54,0
64.55,266.84,172.189,54,266.997,172.14,54,0
64.6,266.84,172.25,54,266.985,172.194,54,0
64.65,266.84,172.299,54,266.977,172.234,54,0
64.7,266.84,172.355,54,266.968,172.275,54,0
64.75,266.84,172.416,54,266.962,172.302,54,0
64.8,266.84,172.468,54,266.951,172.357,54,0
64.85,266.84,172.528,54,266.938,172.417,54,0
64.9,266.84,172.583,54,266.926,172.472,54,0
64.95,266.84,172.642,54,266.914,172.528,54,0
65.0,266.84,172.694,54,266.904,172.576,54,0
65.05,266.84,172.747,54,266.894,172.623,54,0
65.1,266.84,172.807,54,266.881,172.684,54,0
65.15,266.84,172.863,54,266.869,172.742,54,0
65.2,266.84,172.924,54,266.856,172.801,54,0
65.25,266.84,172.981,54,266.845,172.853,54,0
65.3,266.84,173.033,54,266.835,172.899,54,0
65.35,266.84,173.094,54,266.822,172.961,54,0
65.4,266.84,173.154,54,266.81,173.017,54,0
65.45,266.84,173.206,54,266.801,173.061,54,0
65.5,266.84,173.26,54,266.79,173.112,54,0
65.55,266.84,173.309,54,266.781,173.157,54,0
65.6,266.84,173.36,54,266.772,173.199,54,0
65.65,266.84,173.413,54,266.761,173.248,54,0
65.7,266.84,173.47,54,266.751,173.295,54,0
65.75,266.84,173.531,54,266.742,173.34,54,0
65.8,266.84,173.581,54,266.736,173.366,54,0
65.85,266.84,173.634,54,267.374,173.668,54,0
65.9,266.84,173.684,54,267.3,173.732,54,0
65.95,266.84,173.743,54,267.251,173.774,54,0
66.0,266.84,173.801,54,267.215,173.805,54,0
66.05,266.84,173.861,54,267.176,173.839,54,0
66.1,266.84,173.918,54,267.08,173.923,54,0
66.15,266.84,173.977,54,267.031,173.965,54,0
66.2,266.84,174.036,54,266.994,173.998,54,1
66.25,266.84,174.094,54,266.96,174.027,54,1
66.3,266.84,174.151,54,266.929,174.054,54,1
66.35,266.84,174.204,54,266.903,174.077,54,1
66.4,266.84,174.265,54,266.876,174.1,54,1
66.45,266.84,174.326,54,266.853,174.12,54,1
66.5,266.84,174.378,54,266.846,174.126,54,1
66.55,266.84,174.437,,,,,1
66.6,266.84,174.492,,,,,1
66.65,266.84,174.542,,,,,1
66.7,266.84,174.596,54,267.106,174.602,54,2
66.75,266.84,174.653,54,266.951,174.624,54,2
66.8,266.84,174.703,54,266.915,174.629,54,2
66.85,266.84,174.757,54,266.899,174.631,54,2
66.9,266.84,174.814,54,266.888,174.633,54,2
66.95,266.84,174.872,54,266.886,174.633,54,2
67.0,266.84,174.929,54,266.908,174.63,54,2
67.05,266.84,174.98,54,267.084,174.605,54,3
67.1,266.84,175.038,,,,,3
67.15,266.84,175.09,54,266.919,175.051,54,3
67.2,266.84,175.149,54,266.888,175.047,54,3
67.25,266.84,175.206,54,266.886,175.047,54,3
67.3,266.84,175.265,54,266.894,175.048,54,3
67.35,266.84,175.316,54,266.908,175.05,54,3
67.4,266.84,175.368,54,266.943,175.055,54,3
67.45,266.84,175.421,54,267.044,175.069,54,3
67.5,266.84,175.48,54,267.166,175.086,54,4
67.55,266.84,175.541,,,,,4
67.6,266.84,175.601,,,,,4
67.65,266.84,175.652,54,266.84,175.549,54,4
67.7,266.84,175.706,54,266.851,175.558,54,4
67.75,266.84,175.763,54,266.871,175.576,54,4
67.8,266.84,175.812,54,266.892,175.594,54,4
67.85,266.84,175.865,54,266.917,175.616,54,4
67.9,266.84,175.921,54,266.946,175.641,54,4
67.95,266.84,175.975,54,266.976,175.667,54,4
68.0,266.84,176.028,54,267.012,175.698,54,4
68.05,266.84,176.085,54,267.064,175.743,54,4
68.1,266.84,176.139,54,267.137,175.806,54,4
68.15,266.84,176.189,54,267.17,175.835,54,5
68.2,266.84,176.24,54,267.201,175.862,54,5
68.25,266.84,176.291,54,267.243,175.899,54,5
68.3,266.84,176.346,54,266.722,176.249,54,5
68.35,266.84,176.399,54,266.723,176.253,54,5
68.4,266.84,176.456,54,266.73,176.286,54,5
68.45,266.84,176.508,54,266.738,176.325,54,5
68.5,266.84,176.568,54,266.75,176.379,54,5
68.55,266.84,176.619,54,266.759,176.423,54,5
68.6,266.84,176.681,54,266.771,176.479,54,5
68.65,266.84,176.735,54,266.781,176.526,54,5
68.7,266.84,176.786,54,266.791,176.573,54,5
68.75,266.84,176.842,54,266.802,176.625,54,5
68.8,266.84,176.891,54,266.811,176.668,54,5
68.85,266.84,176.946,54,266.822,176.719,54,5
68.9,266.84,177.0,54,266.834,176.773,54,5
68.95,266.84,177.06,54,266.845,176.827,54,5
69.0,266.84,177.118,54,266.856,176.879,54,5
69.05,266.84,177.179,54,266.868,176.936,54,5
69.1,266.84,177.232,54,266.879,176.988,54,5
69.15,266.84,177.281,54,266.89,177.036,54,5
69.2,266.84,177.334,54,266.9,177.087,54,5
69.25,266.84,177.389,54,266.911,177.136,54,5
69.3,266.84,177.443,54,266.921,177.186,54,5
69.35,266.84,177.501,54,266.933,177.24,54,5
69.4,266.84,177.56,54,266.945,177.296,54,5
69.45,266.84,177.613,54,266.956,177.347,54,5
69.5,266.84,177.666,54,266.967,177.4,54,5
69.55,266.84,177.727,54,266.98,177.462,54,5
69.6,266.84,177.777,54,266.99,177.509,54,5
69.65,266.84,177.832,54,266.999,177.549,54,5
69.7,266.84,177.893,54,267.009,177.597,54,5
69.75,266.84,177.944,54,267.018,177.639,54,5
69.8,266.84,178.005,54,267.029,177.692,54,5
69.85,266.84,178.067,54,267.041,177.747,54,5
69.9,266.84,178.122,54,267.052,177.798,54,5
69.95,266.84,178.174,54,267.062,177.848,54,5
70.0,266.84,178.226,54,267.072,177.893,54,5
70.05,266.84,178.281,54,267.082,177.939,54,5
70.1,266.84,178.332,54,267.091,177.984,54,5
70.15,266.84,178.389,54,267.102,178.036,54,5
70.2,266.84,178.444,54,267.113,178.085,54,5
70.25,266.84,178.504,54,267.125,178.141,54,5
70.3,266.84,178.561,54,267.136,178.196,54,5
70.35,266.84,178.615,54,267.147,178.249,54,5
70.4,266.84,178.671,54,267.159,178.304,54,5
70.45,266.84,178.728,54,267.171,178.361,54,5
70.5,266.84,178.788,54,267.185,178.424,54,5
70.55,266.84,178.842,54,267.197,178.482,54,5
70.6,266.84,178.893,54,267.208,178.535,54,5
70.65,266.84,178.943,54,267.22,178.59,54,5
70.7,266.84,178.994,54,267.232,178.647,54,5
70.75,266.84,179.054,54,267.246,178.713,54,5
70.8,266.84,179.106,54,267.259,178.772,54,5
70.85,266.84,179.163,54,267.27,178.827,54,5
70.9,266.84,179.224,54,267.283,178.887,54,5
70.95,266.84,179.283,54,267.295,178.944,54,5
71.0,266.84,179.341,54,267.307,179.001,54,5
71.05,266.84,179.398,54,267.319,179.058,54,5
71.1,266.84,179.448,54,267.329,179.103,54,5
71.15,266.84,179.499,54,267.338,179.145,54,5
71.2,266.84,179.553,54,267.347,179.189,54,5
71.25,266.84,179.611,54,267.358,179.239,54,5
71.3,266.84,179.664,54,267.368,179.285,54,5
71.35,266.84,179.724,54,267.379,179.338,54,5
71.4,266.84,179.774,54,267.388,179.382,54,5
71.45,266.84,179.832,54,267.4,179.435,54,5
71.5,266.84,179.882,54,267.409,179.48,54,5
71.55,266.84,179.939,54,267.42,179.533,54,5
71.6,266.84,179.998,54,267.432,179.588,54,5
71.65,266.84,180.053,54,267.443,179.64,54,5
71.7,266.84,180.108,54,267.454,179.692,54,5
71.75,266.84,180.168,54,267.466,179.748,54,5
71.8,266.84,180.22,54,267.477,179.799,54,5
71.85,266.84,180.271,54,267.487,179.848,54,5
71.9,266.84,180.324,54,267.498,179.899,54,5
71.95,266.84,180.382,54,267.51,179.957,54,5
72.0,266.84,180.438,54,267.522,180.011,54,5
72.05,266.84,180.488,54,267.533,180.062,54,5
72.1,266.84,180.548,54,267.546,180.122,54,5
72.15,266.84,180.608,54,267.558,180.183,54,5
72.2,266.84,180.664,54,267.571,180.24,54,5
72.25,266.84,180.715,54,267.582,180.293,54,5
72.3,266.84,180.765,54,267.593,180.345,54,5
72.35,266.84,180.822,54,267.606,180.405,54,5
72.4,266.84,180.874,54,267.617,180.459,54,5
72.45,266.84,180.925,54,267.629,180.515,54,5
72.5,266.84,180.976,54,267.641,180.571,54,5
72.55,266.84,181.034,54,267.655,180.635,54,5
72.6,266.84,181.088,54,267.668,180.696,54,5
72.65,266.84,181.143,54,267.681,180.758,54,5
72.7,266.84,181.193,54,267.693,180.816,54,5
72.75,266.84,181.246,54,267.705,180.87,54,5
72.8,266.84,181.298,54,267.715,180.919,54,5
72.85,266.84,181.347,54,267.725,180.967,54,5
72.9,266.84,181.4,54,267.736,181.02,54,5
72.95,266.84,181.453,35,267.331,170.567,35,5
73.0,266.84,181.505,35,267.321,170.615,35,5
73.05,266.84,181.564,35,267.308,170.674,35,5
71.3,266.84,168.665,54,267.368,179.285,54,0
71.35,266.84,168.723,54,267.379,179.338,54,0
71.4,266.84,168.783,54,267.388,179.382,54,0
71.45,266.84,168.84,54,267.4,179.435,54,0
71.5,266.84,168.899,54,267.409,179.48,54,0
71.55,266.84,168.953,54,267.42,179.533,54,0
71.6,266.84,169.009,54,267.432,179.588,54,0
71.65,266.84,169.07,54,267.443,179.64,54,0
71.7,266.84,169.129,54,267.454,179.692,54,0
71.75,266.84,169.19,54,267.466,179.748,54,0
71.8,266.84,169.252,54,267.477,179.799,54,0
71.85,266.84,169.305,54,267.487,179.848,54,0
71.9,266.84,169.363,54,267.498,179.899,54,0
71.95,266.84,169.418,54,267.51,179.957,54,0
72.0,266.84,169.473,54,267.522,180.011,54,0
72.05,266.84,169.531,54,267.533,180.062,54,0
72.1,266.84,169.589,54,267.546,180.122,54,0
72.15,266.84,169.641,54,267.558,180.183,54,0
72.2,266.84,169.7,54,267.571,180.24,54,0
72.25,266.84,169.755,54,267.582,180.293,54,0
72.3,266.84,169.818,54,267.593,180.345,54,0
72.35,266.84,169.878,54,267.606,180.405,54,0
72.4,266.84,169.932,54,267.617,180.459,54,0
72.45,266.84,169.987,54,267.629,180.515,54,0
72.5,266.84,170.052,54,267.641,180.571,54,0
72.55,266.84,170.104,54,267.655,180.635,54,0
72.6,266.84,170.156,54,267.668,180.696,54,0
72.65,266.84,170.217,54,267.681,180.758,54,0
72.7,266.84,170.282,54,267.693,180.816,54,0
72.75,266.84,170.34,54,267.705,180.87,54,0
72.8,266.84,170.396,54,267.715,180.919,54,0
72.85,266.84,170.451,54,267.725,180.967,54,0
72.9,266.84,170.507,54,267.736,181.02,54,0
72.95,266.84,170.56,35,267.331,170.567,35,0
73.0,266.84,170.613,35,267.321,170.615,35,0
73.05,266.84,170.677,35,267.308,170.674,35,0
73.1,266.84,170.732,35,267.298,170.723,35,0
73.15,266.84,170.797,35,267.286,170.78,35,0
73.2,266.84,170.851,35,267.277,170.823,35,0
73.25,266.84,170.916,35,267.27,170.854,35,0
73.3,266.84,170.971,35,267.259,170.907,35,0
73.35,266.84,171.028,35,267.247,170.961,35,0
73.4,266.84,171.086,35,267.236,171.015,35,0
73.45,266.84,171.139,35,267.225,171.065,35,0
73.5,266.84,171.193,35,267.214,171.12,35,0
73.55,266.84,171.257,35,267.2,171.183,35,0
73.6,266.84,171.313,35,267.188,171.239,35,0
73.65,266.84,171.378,35,267.175,171.301,35,0
73.7,266.84,171.434,35,267.164,171.355,35,0
73.75,266.84,171.499,35,267.151,171.417,35,0
73.8,266.84,171.554,35,267.14,171.468,35,0
73.85,266.84,171.615,35,267.127,171.525,35,0
73.9,266.84,171.669,35,267.116,171.58,35,0
73.95,266.84,171.732,35,267.1,171.655,35,0
74.0,266.84,171.786,35,267.087,171.717,35,0
74.05,266.84,171.839,35,267.074,171.778,35,0
74.1,266.84,171.894,35,267.061,171.839,35,0
74.15,266.84,171.956,35,267.046,171.908,35,0
74.2,266.84,172.02,35,267.031,171.977,35,0
74.25,266.84,172.073,35,267.02,172.03,35,0
74.3,266.84,172.133,35,267.008,172.089,35,0
74.35,266.84,172.191,35,266.996,172.142,35,0
74.4,266.84,172.254,35,266.984,172.198,35,0
74.45,266.84,172.309,35,266.975,172.243,35,0
74.5,266.84,172.367,35,266.967,172.282,35,0
74.55,266.84,172.424,35,266.961,172.311,35,0
74.6,266.84,172.478,35,266.949,172.366,35,0
74.65,266.84,172.534,35,266.936,172.424,35,0
74.7,266.84,172.594,35,266.924,172.482,35,0
74.75,266.84,172.651,35,266.912,172.537,35,0
74.8,266.84,172.715,35,266.9,172.594,35,0
74.85,266.84,172.775,35,266.888,172.65,35,0
74.9,266.84,172.828,35,266.877,172.706,35,0
74.95,266.84,172.88,35,266.865,172.759,35,0
75.0,266.84,172.938,35,266.853,172.814,35,0
75.05,266.84,172.995,35,266.843,172.865,35,0
75.1,266.84,173.05,35,266.832,172.917,35,0
75.15,266.84,173.107,35,266.82,172.973,35,0
75.2,266.84,173.17,35,266.807,173.03,35,0
75.25,266.84,173.23,35,266.796,173.083,35,0
75.3,266.84,173.294,35,266.784,173.143,35,0
75.35,266.84,173.349,35,266.774,173.189,35,0
75.4,266.84,173.401,35,266.764,173.237,35,0
75.45,266.84,173.462,35,266.753,173.289,35,0
75.5,266.84,173.526,35,266.742,173.337,35,0
75.55,266.84,173.585,35,266.736,173.368,35,0
75.6,266.84,173.641,35,267.354,173.685,35,0
75.65,266.84,173.703,35,267.283,173.746,35,0
75.7,266.84,173.768,35,267.235,173.788,35,0
75.75,266.84,173.83,35,267.197,173.821,35,0
75.8,266.84,173.89,35,267.11,173.897,35,0
75.85,266.84,173.942,35,267.058,173.942,35,0
75.9,266.84,173.995,35,267.019,173.976,35,1
75.95,266.84,174.047,35,266.987,174.003,35,1
76.0,266.84,174.111,35,266.95,174.036,35,1
76.05,266.84,174.172,35,266.918,174.063,35,1
76.1,266.84,174.231,35,266.891,174.087,35,1
76.15,266.84,174.292,35,266.866,174.109,35,1
76.2,266.84,174.35,35,266.847,174.125,35,1
76.25,266.84,174.405,35,266.861,174.113,35,1
76.3,266.84,174.47,,,,,1
76.35,266.84,174.532,,,,,1
76.4,266.84,174.585,35,267.118,174.601,35,2
76.45,266.84,174.649,35,266.956,174.623,35,2
76.5,266.84,174.71,35,266.912,174.629,35,2
76.55,266.84,174.767,35,266.896,174.632,35,2
76.6,266.84,174.821,35,266.887,174.633,35,2
76.65,266.84,174.884,35,266.886,174.633,35,2
76.7,266.84,174.948,35,266.933,174.627,35,2
76.75,266.84,175.013,35,267.165,174.594,35,3
76.8,266.84,175.068,35,267.074,175.073,35,3
76.85,266.84,175.124,35,266.893,175.048,35,3
76.9,266.84,175.182,35,266.885,175.047,35,3
76.95,266.84,175.237,35,266.889,175.047,35,3
77.0,266.84,175.296,35,266.902,175.049,35,3
77.05,266.84,175.359,35,266.934,175.054,35,3
77.1,266.84,175.412,35,267.02,175.066,35,3
77.15,266.84,175.477,35,267.16,175.085,35,4
77.2,266.84,175.54,,,,,4
77.25,266.84,175.6,,,,,4
77.3,266.84,175.652,35,266.84,175.549,35,4
77.35,266.84,175.715,35,266.854,175.56,35,4
77.4,266.84,175.773,35,266.875,175.579,35,4
77.45,266.84,175.837,35,266.903,175.604,35,4
77.5,266.84,175.889,35,266.929,175.626,35,4
77.55,266.84,175.949,35,266.962,175.654,35,4
77.6,266.84,176.009,35,266.998,175.686,35,4
77.65,266.84,176.071,35,267.049,175.73,35,4
77.7,266.84,176.125,35,267.112,175.785,35,4
77.75,266.84,176.179,35,267.165,175.831,35,5
77.8,266.84,176.234,35,267.196,175.858,35,5
77.85,266.84,176.288,35,267.24,175.896,35,5
77.9,266.84,176.35,35,266.722,176.247,35,5
77.95,266.84,176.408,35,266.724,176.257,35,5
78.0,266.84,176.467,35,266.732,176.293,35,5
78.05,266.84,176.526,35,266.742,176.34,35,5
78.1,266.84,176.585,35,266.753,176.393,35,5
78.15,266.84,176.647,35,266.764,176.447,35,5
78.2,266.84,176.706,35,266.776,176.501,35,5
78.25,266.84,176.759,35,266.786,176.547,35,5
78.3,266.84,176.823,35,266.799,176.609,35,5
78.35,266.84,176.881,35,266.81,176.659,35,5
78.4,266.84,176.946,35,266.822,176.719,35,5
78.45,266.84,177.001,35,266.834,176.774,35,5
78.5,266.84,177.061,35,266.845,176.828,35,5
78.55,266.84,177.115,35,266.856,176.876,35,5
78.6,266.84,177.18,35,266.869,176.937,35,5
78.65,266.84,177.236,35,266.88,176.992,35,5
78.7,266.84,177.293,35,266.892,177.048,35,5
78.75,266.84,177.355,35,266.904,177.105,35,5
78.8,266.84,177.412,35,266.915,177.156,35,5
78.85,266.84,177.474,35,266.928,177.215,35,5
78.9,266.84,177.526,35,266.938,177.265,35,5
78.95,266.84,177.582,35,266.949,177.318,35,5
79.0,266.84,177.635,35,266.96,177.368,35,5
79.05,266.84,177.688,35,266.972,177.421,35,5
79.1,266.84,177.745,35,266.984,177.481,35,5
79.15,266.84,177.808,35,266.995,177.532,35,5
79.2,266.84,177.863,35,267.004,177.574,35,5
79.25,266.84,177.917,35,267.013,177.617,35,5
79.3,266.84,177.979,35,267.024,177.669,35,5
79.35,266.84,178.036,35,267.035,177.72,35,5
79.4,266.84,178.095,35,267.046,177.773,35,5
79.45,266.84,178.153,35,267.058,177.827,35,5
79.5,266.84,178.205,35,267.068,177.875,35,5
79.55,266.84,178.261,35,267.078,177.922,35,5
79.6,266.84,178.323,35,267.09,177.977,35,5
79.65,266.84,178.387,35,267.102,178.034,35,5
79.7,266.84,178.442,35,267.112,178.083,35,5
79.75,266.84,178.502,35,267.124,178.139,35,5
79.8,266.84,178.557,35,267.135,178.192,35,5
79.85,266.84,178.615,35,267.147,178.249,35,5
79.9,266.84,178.673,35,267.159,178.306,35,5
79.95,266.84,178.727,35,267.171,178.36,35,5
80.0,266.84,178.781,35,267.183,178.417,35,5
80.05,266.84,178.845,35,267.197,178.484,35,5
80.1,266.84,178.905,35,267.211,178.548,35,5
80.15,266.84,178.969,35,267.226,178.619,35,5
80.2,266.84,179.026,35,267.24,178.682,35,5
80.25,266.84,179.09,35,267.255,178.754,35,5
80.3,266.84,179.154,35,267.269,178.819,35,5
80.35,266.84,179.216,35,267.281,178.879,35,5
80.4,266.84,179.271,35,267.293,178.933,35,5
80.45,266.84,179.332,35,267.306,178.993,35,5
80.5,266.84,179.392,35,267.318,179.051,35,5
80.55,266.84,179.452,35,267.33,179.106,35,5
80.6,266.84,179.515,35,267.341,179.157,35,5
80.65,266.84,179.573,35,267.351,179.206,35,5
80.7,266.84,179.638,35,267.363,179.262,35,5
80.75,266.84,179.696,35,267.374,179.313,35,5
80.8,266.84,179.758,35,267.385,179.369,35,5
80.85,266.84,179.812,35,267.396,179.417,35,5
80.9,266.84,179.875,35,267.408,179.473,35,5
80.95,266.84,179.927,35,267.418,179.521,35,5
81.0,266.84,179.99,35,267.43,179.58,35,5
81.05,266.84,180.044,35,267.441,179.631,35,5
81.1,266.84,180.102,35,267.453,179.686,35,5
81.15,266.84,180.158,35,267.464,179.739,35,5
81.2,266.84,180.218,35,267.477,179.797,35,5
81.25,266.84,180.28,35,267.489,179.857,35,5
81.3,266.84,180.344,35,267.503,179.919,35,5
81.35,266.84,180.397,35,267.514,179.971,35,5
81.4,266.84,180.457,35,267.526,180.031,35,5
81.45,266.84,180.52,35,267.54,180.094,35,5
81.5,266.84,180.583,35,267.553,180.157,35,5
81.55,266.84,180.64,35,267.566,180.216,35,5
81.6,266.84,180.697,35,267.578,180.274,35,5
81.65,266.84,180.759,35,267.592,180.338,35,5
81.7,266.84,180.819,35,267.605,180.402,35,5
81.75,266.84,180.884,35,267.62,180.471,35,5
81.8,266.84,180.938,35,267.632,180.529,35,5
81.85,266.84,181.003,35,267.647,180.6,35,5
81.9,266.84,181.067,35,267.662,180.672,35,5
81.95,266.84,181.122,35,267.676,180.734,35,5
82.0,266.84,181.176,35,267.689,180.797,35,5
82.05,266.84,181.238,35,267.703,180.862,35,5
82.1,266.84,181.291,35,267.714,180.912,35,5
82.15,266.84,181.344,35,267.725,180.964,35,5
82.2,266.84,181.399,35,267.736,181.019,35,5
82.25,266.84,181.455,90,267.548,169.545,90,5
82.3,266.84,181.512,90,267.536,169.603,90,5
82.35,266.84,181.576,90,267.525,169.655,90,5
81.4,266.84,168.636,35,267.526,180.031,35,0
81.45,266.84,168.688,35,267.54,180.094,35,0
81.5,266.84,168.737,35,267.553,180.157,35,0
81.55,266.84,168.788,35,267.566,180.216,35,0
81.6,266.84,168.846,35,267.578,180.274,35,0
81.65,266.84,168.898,35,267.592,180.338,35,0
81.7,266.84,168.956,35,267.605,180.402,35,0
81.75,266.84,169.006,35,267.62,180.471,35,0
81.8,266.84,169.065,35,267.632,180.529,35,0
81.85,266.84,169.12,35,267.647,180.6,35,0
81.9,266.84,169.17,35,267.662,180.672,35,0
81.95,266.84,169.222,35,267.676,180.734,35,0
82.0,266.84,169.274,35,267.689,180.797,35,0
82.05,266.84,169.333,35,267.703,180.862,35,0
82.1,266.84,169.386,35,267.714,180.912,35,0
82.15,266.84,169.441,35,267.725,180.964,35,0
82.2,266.84,169.5,35,267.736,181.019,35,0
82.25,266.84,169.551,90,267.548,169.545,90,0
82.3,266.84,169.607,90,267.536,169.603,90,0
82.35,266.84,169.656,90,267.525,169.655,90,0
82.4,266.84,169.712,90,267.513,169.713,90,0
82.45,266.84,169.772,90,267.5,169.774,90,0
82.5,266.84,169.822,90,267.488,169.827,90,0
82.55,266.84,169.879,90,267.476,169.886,90,0
82.6,266.84,169.929,90,267.465,169.938,90,0
82.65,266.84,169.98,90,267.454,169.989,90,0
82.7,266.84,170.028,90,267.443,170.038,90,0
82.75,266.84,170.086,90,267.431,170.097,90,0
82.8,266.84,170.137,90,267.42,170.15,90,0
82.85,266.84,170.192,90,267.408,170.207,90,0
82.9,266.84,170.249,90,267.395,170.264,90,0
82.95,266.84,170.304,90,267.384,170.319,90,0
83.0,266.84,170.359,90,267.372,170.374,90,0
83.05,266.84,170.412,90,267.361,170.425,90,0
83.1,266.84,170.465,90,267.35,170.477,90,0
83.15,266.84,170.517,90,267.34,170.525,90,0
83.2,266.84,170.569,90,267.33,170.574,90,0
83.25,266.84,170.625,90,267.318,170.627,90,0
83.3,266.84,170.673,90,267.309,170.67,90,0
83.35,266.84,170.724,90,267.299,170.716,90,0
83.4,266.84,170.782,90,267.289,170.767,90,0
83.45,266.84,170.831,90,267.28,170.808,90,0
83.5,266.84,170.886,90,267.271,170.849,90,0
83.55,266.84,170.942,90,267.265,170.88,90,0
83.6,266.84,170.995,90,267.254,170.929,90,0
83.65,266.84,171.049,90,267.243,170.981,90,0
83.7,266.84,171.099,90,267.233,171.027,90,0
83.75,266.84,171.156,90,267.221,171.083,90,0
83.8,266.84,171.212,90,267.21,171.139,90,0
83.85,266.84,171.27,90,267.197,171.196,90,0
83.9,266.84,171.328,90,267.185,171.253,90,0
83.95,266.84,171.378,90,267.175,171.301,90,0
84.0,266.84,171.432,90,267.164,171.353,90,0
84.05,266.84,171.482,90,267.154,171.401,90,0
84.1,266.84,171.533,90,267.144,171.449,90,0
84.15,266.84,171.581,90,267.134,171.494,90,0
84.2,266.84,171.634,90,267.124,171.544,90,0
84.25,266.84,171.685,90,267.112,171.599,90,0
84.3,266.84,171.735,90,267.099,171.659,90,0
84.35,266.84,171.791,90,267.085,171.724,90,0
84.4,266.84,171.85,90,267.071,171.79,90,0
84.45,266.84,171.904,90,267.058,171.851,90,0
84.5,266.84,171.96,90,267.045,171.912,90,0
84.55,266.84,172.014,90,267.033,171.97,90,0
84.6,266.84,172.063,90,267.022,172.021,90,0
84.65,266.84,172.118,90,267.011,172.075,90,0
84.7,266.84,172.17,90,267.0,172.123,90,0
84.75,266.84,172.228,90,266.989,172.176,90,0
84.8,266.84,172.286,90,266.979,172.224,90,0
84.85,266.84,172.335,90,266.971,172.262,90,0
84.9,266.84,172.394,90,266.965,172.288,90,0
84.95,266.84,172.447,90,266.955,172.335,90,0
85.0,266.84,172.497,90,266.945,172.386,90,0
85.05,266.84,172.552,90,266.933,172.441,90,0
85.1,266.84,172.603,90,266.922,172.491,90,0
85.15,266.84,172.66,90,266.911,172.544,90,0
85.2,266.84,172.709,90,266.901,172.588,90,0
85.25,266.84,172.76,90,266.892,172.634,90,0
85.3,266.84,172.813,90,266.88,172.691,90,0
85.35,266.84,172.871,90,266.867,172.749,90,0
85.4,266.84,172.919,90,266.857,172.797,90,0
85.45,266.84,172.968,90,266.848,172.842,90,0
85.5,266.84,173.027,90,266.837,172.893,90,0
85.55,266.84,173.076,90,266.826,172.942,90,0
85.6,266.84,173.124,90,266.816,172.989,90,0
85.65,266.84,173.179,90,266.806,173.038,90,0
85.7,266.84,173.233,90,266.796,173.086,90,0
85.75,266.84,173.283,90,266.786,173.133,90,0
85.8,266.84,173.338,90,266.776,173.18,90,0
85.85,266.84,173.395,90,266.765,173.232,90,0
85.9,266.84,173.448,90,266.755,173.276,90,0
85.95,266.84,173.496,90,266.747,173.316,90,0
86.0,266.84,173.547,90,266.74,173.349,90,0
86.05,266.84,173.6,90,266.735,173.372,90,0
86.1,266.84,173.657,90,267.329,173.706,90,0
86.15,266.84,173.712,90,267.275,173.753,90,0
86.2,266.84,173.763,90,267.238,173.786,90,0
86.25,266.84,173.823,90,267.202,173.816,90,0
86.3,266.84,173.881,90,267.121,173.887,90,0
86.35,266.84,173.941,90,267.059,173.941,90,0
86.4,266.84,173.996,90,267.018,173.977,90,1
86.45,266.84,174.046,90,266.988,174.003,90,1
86.5,266.84,174.094,90,266.96,174.027,90,1
86.55,266.84,174.149,90,266.93,174.053,90,1
86.6,266.84,174.207,90,266.902,174.078,90,1
86.65,266.84,174.259,90,266.878,174.098,90,1
86.7,266.84,174.318,90,266.856,174.118,90,1
86.75,266.84,174.376,90,266.846,174.126,90,1
86.8,266.84,174.428,90,266.91,174.07,90,1
86.85,266.84,174.484,,,,,1
86.9,266.84,174.536,,,,,1
86.95,266.84,174.585,90,267.119,174.6,90,2
87.0,266.84,174.642,90,266.964,174.622,90,2
87.05,266.84,174.698,90,266.917,174.629,90,2
87.1,266.84,174.745,90,266.902,174.631,90,2
87.15,266.84,174.793,90,266.891,174.632,90,2
87.2,266.84,174.843,90,266.886,174.633,90,2
87.25,266.84,174.898,90,266.89,174.633,90,2
87.3,266.84,174.951,90,266.938,174.626,90,2
87.35,266.84,175.004,90,267.139,174.598,90,3
87.4,266.84,175.063,90,267.082,175.074,90,3
87.45,266.84,175.114,90,266.899,175.049,90,3
87.5,266.84,175.17,90,266.886,175.047,90,3
87.55,266.84,175.223,90,266.887,175.047,90,3
87.6,266.84,175.28,90,266.897,175.048,90,3
87.65,266.84,175.336,90,266.916,175.051,90,3
87.7,266.84,175.391,90,266.974,175.059,90,3
87.75,266.84,175.447,90,267.107,175.078,90,3
87.8,266.84,175.505,,,,,4
87.85,266.84,175.553,,,,,4
87.9,266.84,175.611,90,266.863,175.569,90,4
87.95,266.84,175.667,90,266.841,175.549,90,4
88.0,266.84,175.721,90,266.856,175.562,90,4
88.05,266.84,175.779,90,266.878,175.581,90,4
88.1,266.84,175.837,90,266.903,175.604,90,4
88.15,266.84,175.888,90,266.928,175.625,90,4
88.2,266.84,175.936,90,266.955,175.648,90,4
88.25,266.84,175.989,90,266.985,175.675,90,4
88.3,266.84,176.045,90,267.026,175.71,90,4
88.35,266.84,176.095,90,267.075,175.753,90,4
88.4,266.84,176.144,90,267.143,175.812,90,4
88.45,266.84,176.194,90,267.172,175.837,90,5
88.5,266.84,176.253,90,267.211,175.871,90,5
88.55,266.84,176.311,90,267.266,175.919,90,5
88.6,266.84,176.359,90,266.721,176.244,90,5
88.65,266.84,176.414,90,266.725,176.261,90,5
88.7,266.84,176.474,90,266.733,176.298,90,5
88.75,266.84,176.531,90,266.743,176.345,90,5
88.8,266.84,176.581,90,266.752,176.39,90,5
88.85,266.84,176.636,90,266.762,176.437,90,5
88.9,266.84,176.69,90,266.773,176.488,90,5
88.95,266.84,176.74,90,266.782,176.53,90,5
89.0,266.84,176.789,90,266.792,176.575,90,5
89.05,266.84,176.839,90,266.802,176.623,90,5
89.1,266.84,176.889,90,266.811,176.666,90,5
89.15,266.84,176.939,90,266.821,176.712,90,5
89.2,266.84,176.99,90,266.832,176.763,90,5
89.25,266.84,177.043,90,266.842,176.812,90,5
89.3,266.84,177.101,90,266.853,176.863,90,5
89.35,266.84,177.157,90,266.864,176.916,90,5
89.4,266.84,177.21,90,266.875,176.967,90,5
89.45,266.84,177.261,90,266.885,177.016,90,5
89.5,266.84,177.312,90,266.896,177.067,90,5
89.55,266.84,177.362,90,266.906,177.111,90,5
89.6,266.84,177.419,90,266.917,177.163,90,5
89.65,266.84,177.467,90,266.926,177.208,90,5
89.7,266.84,177.526,90,266.938,177.264,90,5
89.75,266.84,177.58,90,266.949,177.315,90,5
89.8,266.84,177.638,90,266.961,177.37,90,5
89.85,266.84,177.686,90,266.971,177.419,90,5
89.9,266.84,177.738,90,266.983,177.474,90,5
89.95,266.84,177.796,90,266.993,177.524,90,5
90.0,266.84,177.847,90,267.001,177.561,90,5
90.05,266.84,177.904,90,267.011,177.606,90,5
90.1,266.84,177.957,90,267.02,177.65,90,5
90.15,266.84,178.013,90,267.031,177.699,90,5
90.2,266.84,178.062,90,267.04,177.743,90,5
90.25,266.84,178.114,90,267.05,177.79,90,5
90.3,266.84,178.167,90,267.061,177.841,90,5
90.35,266.84,178.216,90,267.07,177.884,90,5
90.4,266.84,178.271,90,267.08,177.931,90,5
90.45,266.84,178.324,90,267.09,177.977,90,5
90.5,266.84,178.381,90,267.1,178.028,90,5
90.55,266.84,178.434,90,267.111,178.077,90,5
90.6,266.84,178.485,90,267.121,178.124,90,5
90.65,266.84,178.535,90,267.131,178.172,90,5
90.7,266.84,178.589,90,267.142,178.223,90,5
90.75,266.84,178.637,90,267.152,178.27,90,5
90.8,266.84,178.686,90,267.162,178.319,90,5
90.85,266.84,178.736,90,267.173,178.37,90,5
90.9,266.84,178.789,90,267.185,178.426,90,5
90.95,266.84,178.846,90,267.198,178.486,90,5
91.0,266.84,178.9,90,267.21,178.544,90,5
91.05,266.84,178.949,90,267.221,178.596,90,5
91.1,266.84,179.0,90,267.234,178.654,90,5
91.15,266.84,179.057,90,267.247,178.716,90,5
91.2,266.84,179.111,90,267.26,178.777,90,5
91.25,266.84,179.161,90,267.27,178.826,90,5
91.3,266.84,179.211,90,267.28,178.874,90,5
91.35,266.84,179.267,90,267.292,178.929,90,5
91.4,266.84,179.316,90,267.302,178.977,90,5
91.45,266.84,179.366,90,267.313,179.025,90,5
91.5,266.84,179.421,90,267.324,179.08,90,5
91.55,266.84,179.479,90,267.334,179.127,90,5
91.6,266.84,179.537,90,267.345,179.176,90,5
91.65,266.84,179.591,90,267.354,179.222,90,5
91.7,266.84,179.65,90,267.365,179.273,90,5
91.75,266.84,179.705,90,267.375,179.321,90,5
91.8,266.84,179.753,90,267.384,179.364,90,5
91.85,266.84,179.808,90,267.395,179.413,90,5
91.9,266.84,179.859,90,267.405,179.459,90,5
91.95,266.84,179.914,90,267.415,179.51,90,5
92.0,266.84,179.968,90,267.426,179.56,90,5
92.05,266.84,180.02,90,267.436,179.607,90,5
92.1,266.84,180.074,90,267.447,179.659,90,5
92.15,266.84,180.127,90,267.458,179.71,90,5
92.2,266.84,180.184,90,267.469,179.764,90,5
92.25,266.84,180.238,90,267.481,179.816,90,5
92.3,266.84,180.291,90,267.492,179.868,90,5
92.35,266.84,180.343,90,267.502,179.918,90,5
92.4,266.84,180.394,90,267.513,179.968,90,5
92.45,266.84,180.443,90,267.523,180.017,90,5
92.5,266.84,180.501,90,267.536,180.075,90,5
92.55,266.84,180.558,90,267.548,180.132,90,5
92.6,266.84,180.617,90,267.56,180.191,90,5
92.65,266.84,180.669,90,267.572,180.246,90,5
92.7,266.84,180.726,90,267.584,180.304,90,5
92.75,266.84,180.781,90,267.597,180.362,90,5
92.8,266.84,180.837,90,267.609,180.42,90,5
92.85,266.84,180.886,90,267.62,180.473,90,5
92.9,266.84,180.934,90,267.631,180.525,90,5
92.95,266.84,180.986,90,267.643,180.582,90,5
93.0,266.84,181.044,90,267.657,180.646,90,5
93.05,266.84,181.102,90,267.671,180.712,90,5
93.1,266.84,181.16,90,267.685,180.778,90,5
93.15,266.84,181.208,90,267.697,180.834,90,5
93.2,266.84,181.262,90,267.708,180.885,90,5
93.25,266.84,181.317,90,267.719,180.938,90,5
93.3,266.84,181.374,90,267.731,180.993,90,5
93.35,266.84,181.423,90,267.741,181.042,90,5
93.4,266.84,181.476,234,267.084,171.729,234,5
93.45,266.84,181.532,234,267.067,171.811,234,5
93.5,266.84,181.582,234,267.05,171.892,234,5
91.1,266.84,168.664,90,267.234,178.654,90,0
91.15,266.84,168.731,90,267.247,178.716,90,0
91.2,266.84,168.797,90,267.26,178.777,90,0
91.25,266.84,168.862,90,267.27,178.826,90,0
91.3,266.84,168.931,90,267.28,178.874,90,0
91.35,266.84,168.997,90,267.292,178.929,90,0
91.4,266.84,169.062,90,267.302,178.977,90,0
91.45,266.84,169.133,90,267.313,179.025,90,0
91.5,266.84,169.207,90,267.324,179.08,90,0
91.55,266.84,169.275,90,267.334,179.127,90,0
91.6,266.84,169.346,90,267.345,179.176,90,0
91.65,266.84,169.41,90,267.354,179.222,90,0
91.7,266.84,169.471,90,267.365,179.273,90,0
91.75,266.84,169.542,90,267.375,179.321,90,0
91.8,266.84,169.611,90,267.384,179.364,90,0
91.85,266.84,169.679,90,267.395,179.413,90,0
91.9,266.84,169.746,90,267.405,179.459,90,0
91.95,266.84,169.815,90,267.415,179.51,90,0
92.0,266.84,169.89,90,267.426,179.56,90,0
92.05,266.84,169.953,90,267.436,179.607,90,0
92.1,266.84,170.024,90,267.447,179.659,90,0
92.15,266.84,170.09,90,267.458,179.71,90,0
92.2,266.84,170.164,90,267.469,179.764,90,0
92.25,266.84,170.226,90,267.481,179.816,90,0
92.3,266.84,170.292,90,267.492,179.868,90,0
92.35,266.84,170.362,90,267.502,179.918,90,0
92.4,266.84,170.432,90,267.513,179.968,90,0
92.45,266.84,170.503,90,267.523,180.017,90,0
92.5,266.84,170.576,90,267.536,180.075,90,0
92.55,266.84,170.643,90,267.548,180.132,90,0
92.6,266.84,170.707,90,267.56,180.191,90,0
92.65,266.84,170.774,90,267.572,180.246,90,0
92.7,266.84,170.843,90,267.584,180.304,90,0
92.75,266.84,170.916,90,267.597,180.362,90,0
92.8,266.84,170.982,90,267.609,180.42,90,0
92.85,266.84,171.058,90,267.62,180.473,90,0
92.9,266.84,171.129,90,267.631,180.525,90,0
92.95,266.84,171.196,90,267.643,180.582,90,0
93.0,266.84,171.259,90,267.657,180.646,90,0
93.05,266.84,171.32,90,267.671,180.712,90,0
93.1,266.84,171.384,90,267.685,180.778,90,0
93.15,266.84,171.452,90,267.697,180.834,90,0
93.2,266.84,171.527,90,267.708,180.885,90,0
93.25,266.84,171.6,90,267.719,180.938,90,0
93.3,266.84,171.669,90,267.731,180.993,90,0
93.35,266.84,171.73,90,267.741,181.042,90,0
93.4,266.84,171.796,234,267.084,171.729,234,0
93.45,266.84,171.868,234,267.067,171.811,234,0
93.5,266.84,171.941,234,267.05,171.892,234,0
93.55,266.84,172.014,234,267.033,171.97,234,0
93.6,266.84,172.085,234,267.017,172.043,234,0
93.65,266.84,172.148,234,267.005,172.103,234,0
93.7,266.84,172.215,234,266.992,172.164,234,0
93.75,266.84,172.283,234,266.979,172.223,234,0
93.8,266.84,172.349,234,266.969,172.271,234,0
93.85,266.84,172.422,234,266.961,172.308,234,0
93.9,266.84,172.483,234,266.947,172.372,234,0
93.95,266.84,172.546,234,266.934,172.435,234,0
94.0,266.84,172.619,234,266.919,172.505,234,0
94.05,266.84,172.693,234,266.904,172.575,234,0
94.1,266.84,172.768,234,266.89,172.643,234,0
94.15,266.84,172.839,234,266.874,172.717,234,0
94.2,266.84,172.913,234,266.859,172.79,234,0
94.25,266.84,172.976,234,266.846,172.849,234,0
94.3,266.84,173.047,234,266.832,172.914,234,0
94.35,266.84,173.113,234,266.819,172.979,234,0
94.4,266.84,173.188,234,266.804,173.046,234,0
94.45,266.84,173.259,234,266.79,173.111,234,0
94.5,266.84,173.331,234,266.777,173.175,234,0
94.55,266.84,173.405,234,266.763,173.241,234,0
94.6,266.84,173.475,234,266.75,173.299,234,0
94.65,266.84,173.539,234,266.741,173.344,234,0
94.7,266.84,173.614,234,266.735,173.371,234,0
94.75,266.84,173.689,234,267.296,173.735,234,0
94.8,266.84,173.76,234,267.24,173.784,234,0
94.85,266.84,173.834,234,267.194,173.824,234,0
94.9,266.84,173.899,234,267.099,173.906,234,0
94.95,266.84,173.973,234,267.034,173.963,234,0
95.0,266.84,174.042,234,266.99,174.001,234,1
95.05,266.84,174.114,234,266.949,174.037,234,1
95.1,266.84,174.179,234,266.915,174.066,234,1
95.15,266.84,174.251,234,266.882,174.095,234,1
95.2,266.84,174.326,234,266.853,174.12,234,1
95.25,266.84,174.393,234,266.851,174.122,234,1
95.3,266.84,174.463,,,,,1
95.35,266.84,174.537,,,,,1
95.4,266.84,174.609,234,267.095,174.604,234,2
95.45,266.84,174.682,234,266.926,174.628,234,2
95.5,266.84,174.743,234,266.902,174.631,234,2
95.55,266.84,174.804,234,266.889,174.633,234,2
95.6,266.84,174.868,234,266.886,174.633,234,2
95.65,266.84,174.938,234,266.918,174.629,234,2
95.7,266.84,174.999,234,267.122,174.6,234,3
95.75,266.84,175.063,234,267.082,175.074,234,3
95.8,266.84,175.13,234,266.891,175.048,234,3
95.85,266.84,175.192,234,266.886,175.047,234,3
95.9,266.84,175.264,234,266.894,175.048,234,3
95.95,266.84,175.328,234,266.912,175.051,234,3
96.0,266.84,175.394,234,266.979,175.06,234,3
96.05,266.84,175.458,234,267.122,175.08,234,4
96.1,266.84,175.526,,,,,4
96.15,266.84,175.601,,,,,4
96.2,266.84,175.671,234,266.841,175.549,234,4
96.25,266.84,175.743,234,266.863,175.569,234,4
96.3,266.84,175.804,234,266.888,175.591,234,4
96.35,266.84,175.873,234,266.921,175.619,234,4
96.4,266.84,175.941,234,266.957,175.65,234,4
96.45,266.84,176.002,234,266.993,175.682,234,4
96.5,266.84,176.067,234,267.045,175.727,234,4
96.55,266.84,176.139,234,267.138,175.808,234,4
96.6,266.84,176.212,234,267.183,175.846,234,5
96.65,266.84,176.282,234,267.235,175.892,234,5
96.7,266.84,176.345,234,266.723,176.25,234,5
96.75,266.84,176.409,234,266.724,176.258,234,5
96.8,266.84,176.479,234,266.734,176.302,234,5
96.85,266.84,176.554,234,266.747,176.365,234,5
96.9,266.84,176.618,234,266.759,176.421,234,5
96.95,266.84,176.679,234,266.771,176.478,234,5
97.0,266.84,176.745,234,266.783,176.534,234,5
97.05,266.84,176.806,234,266.795,176.592,234,5
97.1,266.84,176.871,234,266.808,176.651,234,5
97.15,266.84,176.944,234,266.822,176.718,234,5
97.2,266.84,177.008,234,266.835,176.781,234,5
97.25,266.84,177.082,234,266.849,176.846,234,5
97.3,266.84,177.152,234,266.863,176.911,234,5
97.35,266.84,177.226,234,266.878,176.983,234,5
97.4,266.84,177.289,234,266.891,177.044,234,5
97.45,266.84,177.358,234,266.905,177.108,234,5
97.5,266.84,177.433,234,266.92,177.177,234,5
97.55,266.84,177.505,234,266.934,177.244,234,5
97.6,266.84,177.568,234,266.946,177.303,234,5
97.65,266.84,177.637,234,266.961,177.37,234,5
97.7,266.84,177.698,234,266.974,177.432,234,5
97.75,266.84,177.761,234,266.988,177.498,234,5
97.8,266.84,177.823,234,266.998,177.544,234,5
97.85,266.84,177.895,234,267.009,177.598,234,5
97.9,266.84,177.961,234,267.021,177.654,234,5
97.95,266.84,178.034,234,267.035,177.718,234,5
98.0,266.84,178.105,234,267.048,177.782,234,5
98.05,266.84,178.174,234,267.062,177.848,234,5
98.1,266.84,178.246,234,267.075,177.909,234,5
98.15,266.84,178.309,234,267.087,177.964,234,5
98.2,266.84,178.375,234,267.099,178.023,234,5
98.25,266.84,178.446,234,267.113,178.086,234,5
98.3,266.84,178.516,234,267.127,178.153,234,5
98.35,266.84,178.584,234,267.141,178.218,234,5
98.4,266.84,178.659,234,267.157,178.292,234,5
98.45,266.84,178.724,234,267.171,178.357,234,5
98.5,266.84,178.796,234,267.187,178.433,234,5
98.55,266.84,178.869,234,267.203,178.511,234,5
98.6,266.84,178.94,234,267.219,178.587,234,5
98.65,266.84,179.009,234,267.235,178.663,234,5
98.7,266.84,179.084,234,267.253,178.747,234,5
98.75,266.84,179.152,234,267.268,178.817,234,5
98.8,266.84,179.217,234,267.282,178.88,234,5
98.85,266.84,179.287,234,267.296,178.948,234,5
98.9,266.84,179.359,234,267.311,179.019,234,5
98.95,266.84,179.428,234,267.325,179.086,234,5
99.0,266.84,179.502,234,267.338,179.147,234,5
99.05,266.84,179.565,234,267.35,179.2,234,5
99.1,266.84,179.637,234,267.363,179.261,234,5
99.15,266.84,179.699,234,267.374,179.316,234,5
99.2,266.84,179.761,234,267.386,179.371,234,5
99.25,266.84,179.831,234,267.399,179.433,234,5
99.3,266.84,179.903,234,267.413,179.5,234,5
99.35,266.84,179.973,234,267.427,179.565,234,5
99.4,266.84,180.044,234,267.441,179.631,234,5
99.45,266.84,180.117,234,267.456,179.7,234,5
99.5,266.84,180.185,234,267.47,179.765,234,5
99.55,266.84,180.249,234,267.483,179.827,234,5
99.6,266.84,180.312,234,267.496,179.887,234,5
99.65,266.84,180.377,234,267.509,179.952,234,5
99.7,266.84,180.439,234,267.522,180.012,234,5
99.75,266.84,180.514,234,267.538,180.088,234,5
99.8,266.84,180.578,234,267.552,180.152,234,5
99.85,266.84,180.649,234,267.567,180.225,234,5
99.9,266.84,180.718,234,267.583,180.296,234,5
99.95,266.84,180.79,234,267.598,180.37,234,5
100.0,266.84,180.851,234,267.612,180.435,234,5
100.05,266.84,180.918,234,267.627,180.507,234,5
100.1,266.84,180.989,234,267.644,180.586,234,5
100.15,266.84,181.051,234,267.659,180.654,234,5
100.2,266.84,181.117,234,267.675,180.729,234,5
100.25,266.84,181.184,234,267.691,180.807,234,5
100.3,266.84,181.254,234,267.706,180.877,234,5
100.35,266.84,181.315,234,267.719,180.937,234,5
100.4,266.84,181.38,234,267.732,180.999,234,5
100.45,266.84,181.442,,,,,5
100.5,266.84,181.511,,,,,5
100.55,266.84,181.576,,,,,5
100.6,266.84,181.643,,,,,5
100.65,266.84,181.707,,,,,5
