timestamp,person_id,x,y
0.05,personFlow1.0,266.84,167.201
0.1,personFlow1.0,266.84,167.255
0.15,personFlow1.0,266.84,167.311
0.2,personFlow1.0,266.84,167.375
0.25,personFlow1.0,266.84,167.434
0.3,personFlow1.0,266.84,167.491
0.35,personFlow1.0,266.84,167.556
0.4,personFlow1.0,266.84,167.611
0.45,personFlow1.0,266.84,167.673
0.5,personFlow1.0,266.84,167.731
0.55,personFlow1.0,266.84,167.787
0.6,personFlow1.0,266.84,167.852
0.65,personFlow1.0,266.84,167.908
0.7,personFlow1.0,266.84,167.967
0.75,personFlow1.0,266.84,168.026
0.8,personFlow1.0,266.84,168.084
0.85,personFlow1.0,266.84,168.146
0.9,personFlow1.0,266.84,168.21
0.95,personFlow1.0,266.84,168.264
1,personFlow1.0,266.84,168.325
1.05,personFlow1.0,266.84,168.381
1.1,personFlow1.0,266.84,168.445
1.15,personFlow1.0,266.84,168.504
1.2,personFlow1.0,266.84,168.565
1.25,personFlow1.0,266.84,168.622
1.3,personFlow1.0,266.84,168.675
1.35,personFlow1.0,266.84,168.729
1.4,personFlow1.0,266.84,168.783
1.45,personFlow1.0,266.84,168.843
1.5,personFlow1.0,266.84,168.901
1.55,personFlow1.0,266.84,168.963
1.6,personFlow1.0,266.84,169.027
1.65,personFlow1.0,266.84,169.089
1.7,personFlow1.0,266.84,169.144
1.75,personFlow1.0,266.84,169.207
1.8,personFlow1.0,266.84,169.259
1.85,personFlow1.0,266.84,169.324
1.9,personFlow1.0,266.84,169.38
1.95,personFlow1.0,266.84,169.441
2,personFlow1.0,266.84,169.505
2.05,personFlow1.0,266.84,169.568
2.1,personFlow1.0,266.84,169.628
2.15,personFlow1.0,266.84,169.68
2.2,personFlow1.0,266.84,169.742
2.25,personFlow1.0,266.84,169.804
2.3,personFlow1.0,266.84,169.867
2.35,personFlow1.0,266.84,169.925
2.4,personFlow1.0,266.84,169.987
2.45,personFlow1.0,266.84,170.041
2.5,personFlow1.0,266.84,170.105
2.55,personFlow1.0,266.84,170.162
2.6,personFlow1.0,266.84,170.218
2.65,personFlow1.0,266.84,170.275
2.7,personFlow1.0,266.84,170.331
2.75,personFlow1.0,266.84,170.384
2.8,personFlow1.0,266.84,170.437
2.85,personFlow1.0,266.84,170.498
2.9,personFlow1.0,266.84,170.556
2.95,personFlow1.0,266.84,170.614
3,personFlow1.0,266.84,170.677
3.05,personFlow1.0,266.84,170.73
3.1,personFlow1.0,266.84,170.792
3.15,personFlow1.0,266.84,170.849
3.2,personFlow1.0,266.84,170.912
3.25,personFlow1.0,266.84,170.977
3.3,personFlow1.0,266.84,171.038
3.35,personFlow1.0,266.84,171.096
3.4,personFlow1.0,266.84,171.149
3.45,personFlow1.0,266.84,171.214
3.5,personFlow1.0,266.84,171.276
3.55,personFlow1.0,266.84,171.329
3.6,personFlow1.0,266.84,171.39
3.65,personFlow1.0,266.84,171.45
3.7,personFlow1.0,266.84,171.514
3.75,personFlow1.0,266.84,171.572
3.8,personFlow1.0,266.84,171.634
3.85,personFlow1.0,266.84,171.697
3.9,personFlow1.0,266.84,171.762
3.95,personFlow1.0,266.84,171.826
4,personFlow1.0,266.84,171.882
4.05,personFlow1.0,266.84,171.942
4.1,personFlow1.0,266.84,172.003
4.15,personFlow1.0,266.84,172.066
4.2,personFlow1.0,266.84,172.122
4.25,personFlow1.0,266.84,172.182
4.3,personFlow1.0,266.84,172.239
4.35,personFlow1.0,266.84,172.299
4.4,personFlow1.0,266.84,172.357
4.45,personFlow1.0,266.84,172.412
4.5,personFlow1.0,266.84,172.469
4.55,personFlow1.0,266.84,172.529
4.6,personFlow1.0,266.84,172.589
4.65,personFlow1.0,266.84,172.641
4.7,personFlow1.0,266.84,172.706
4.75,personFlow1.0,266.84,172.767
4.8,personFlow1.0,266.84,172.831
4.85,personFlow1.0,266.84,172.885
4.9,personFlow1.0,266.84,172.942
4.95,personFlow1.0,266.84,172.995
5,personFlow1.0,266.84,173.054
5.05,personFlow1.0,266.84,173.113
5.1,personFlow1.0,266.84,173.169
5.15,personFlow1.0,266.84,173.228
5.2,personFlow1.0,266.84,173.282
5.25,personFlow1.0,266.84,173.34
5.3,personFlow1.0,266.84,173.392
5.35,personFlow1.0,266.84,173.453
5.4,personFlow1.0,266.84,173.513
5.45,personFlow1.0,266.84,173.574
5.5,personFlow1.0,266.84,173.63
5.55,personFlow1.0,266.84,173.694
5.6,personFlow1.0,266.84,173.753
5.65,personFlow1.0,266.84,173.809
5.7,personFlow1.0,266.84,173.864
5.75,personFlow1.0,266.84,173.925
5.8,personFlow1.0,266.84,173.981
5.85,personFlow1.0,266.84,174.045
5.9,personFlow1.0,266.84,174.101
5.95,personFlow1.0,266.84,174.164
6,personFlow1.0,266.84,174.218
6.05,personFlow1.0,266.84,174.278
6.1,personFlow1.0,266.84,174.337
6.15,personFlow1.0,266.84,174.401
6.2,personFlow1.0,266.84,174.461
6.25,personFlow1.0,266.84,174.518
6.3,personFlow1.0,266.84,174.57
6.35,personFlow1.0,266.84,174.624
6.4,personFlow1.0,266.84,174.687
6.45,personFlow1.0,266.84,174.74
6.5,personFlow1.0,266.84,174.801
6.55,personFlow1.0,266.84,174.858
6.6,personFlow1.0,266.84,174.917
6.65,personFlow1.0,266.84,174.975
6.7,personFlow1.0,266.84,175.036
6.75,personFlow1.0,266.84,175.096
6.8,personFlow1.0,266.84,175.152
6.85,personFlow1.0,266.84,175.21
6.9,personFlow1.0,266.84,175.268
6.95,personFlow1.0,266.84,175.331
7,personFlow1.0,266.84,175.385
7.05,personFlow1.0,266.84,175.442
7.1,personFlow1.0,266.84,175.496
7.15,personFlow1.0,266.84,175.549
7.2,personFlow1.0,266.84,175.607
7.25,personFlow1.0,266.84,175.672
7.3,personFlow1.0,266.84,175.724
7.35,personFlow1.0,266.84,175.778
7.4,personFlow1.0,266.84,175.837
7.45,personFlow1.0,266.84,175.89
7.5,personFlow1.0,266.84,175.953
7.55,personFlow1.0,266.84,176.014
7.6,personFlow1.0,266.84,176.068
7.65,personFlow1.0,266.84,176.127
7.7,personFlow1.0,266.84,176.188
7.75,personFlow1.0,266.84,176.253
7.8,personFlow1.0,266.84,176.31
7.85,personFlow1.0,266.84,176.363
7.9,personFlow1.0,266.84,176.428
7.95,personFlow1.0,266.84,176.487
8,personFlow1.0,266.84,176.54
8.05,personFlow1.0,266.84,176.6
8.1,personFlow1.0,266.84,176.663
8.15,personFlow1.0,266.84,176.717
8.2,personFlow1.0,266.84,176.772
8.25,personFlow1.0,266.84,176.832
8.3,personFlow1.0,266.84,176.884
8.35,personFlow1.0,266.84,176.943
8.4,personFlow1.0,266.84,176.996
8.45,personFlow1.0,266.84,177.051
8.5,personFlow1.0,266.84,177.11
8.55,personFlow1.0,266.84,177.164
8.6,personFlow1.0,266.84,177.224
8.65,personFlow1.0,266.84,177.287
8.7,personFlow1.0,266.84,177.35
8.75,personFlow1.0,266.84,177.409
8.8,personFlow1.0,266.84,177.47
8.85,personFlow1.0,266.84,177.526
8.9,personFlow1.0,266.84,177.585
8.95,personFlow1.0,266.84,177.646
9,personFlow1.0,266.84,177.7
9.05,personFlow1.0,266.84,177.763
9.1,personFlow1.0,266.84,177.821
9.15,personFlow1.0,266.84,177.884
9.2,personFlow1.0,266.84,177.939
9.25,personFlow1.0,266.84,178.003
9.3,personFlow1.0,266.84,178.067
9.35,personFlow1.0,266.84,178.129
9.4,personFlow1.0,266.84,178.191
9.45,personFlow1.0,266.84,178.253
9.5,personFlow1.0,266.84,178.307
9.55,personFlow1.0,266.84,178.368
9.6,personFlow1.0,266.84,178.429
9.65,personFlow1.0,266.84,178.483
9.7,personFlow1.0,266.84,178.542
9.75,personFlow1.0,266.84,178.605
9.8,personFlow1.0,266.84,178.667
9.85,personFlow1.0,266.84,178.72
9.9,personFlow1.0,266.84,178.782
9.95,personFlow1.0,266.84,178.835
10,personFlow1.0,266.84,178.893
10.05,personFlow1.0,266.84,178.948
10.05,personFlow1.1,266.84,167.201
10.1,personFlow1.0,266.84,179.008
10.1,personFlow1.1,266.84,167.27
10.15,personFlow1.0,266.84,179.065
10.15,personFlow1.1,266.84,167.34
10.2,personFlow1.0,266.84,179.121
10.2,personFlow1.1,266.84,167.4
10.25,personFlow1.0,266.84,179.177
10.25,personFlow1.1,266.84,167.468
10.3,personFlow1.0,266.84,179.236
10.3,personFlow1.1,266.84,167.538
10.35,personFlow1.0,266.84,179.294
10.35,personFlow1.1,266.84,167.607
10.4,personFlow1.0,266.84,179.353
10.4,personFlow1.1,266.84,167.666
10.45,personFlow1.0,266.84,179.409
10.45,personFlow1.1,266.84,167.728
10.5,personFlow1.0,266.84,179.471
10.5,personFlow1.1,266.84,167.784
10.55,personFlow1.0,266.84,179.531
10.55,personFlow1.1,266.84,167.853
10.6,personFlow1.0,266.84,179.59
10.6,personFlow1.1,266.84,167.923
10.65,personFlow1.0,266.84,179.647
10.65,personFlow1.1,266.84,167.99
10.7,personFlow1.0,266.84,179.705
10.7,personFlow1.1,266.84,168.046
10.75,personFlow1.0,266.84,179.759
10.75,personFlow1.1,266.84,168.113
10.8,personFlow1.0,266.84,179.812
10.8,personFlow1.1,266.84,168.18
10.85,personFlow1.0,266.84,179.874
10.85,personFlow1.1,266.84,168.246
10.9,personFlow1.0,266.84,179.936
10.9,personFlow1.1,266.84,168.309
10.95,personFlow1.0,266.84,179.997
10.95,personFlow1.1,266.84,168.369
11,personFlow1.0,266.84,180.052
11,personFlow1.1,266.84,168.435
11.05,personFlow1.0,266.84,180.105
11.05,personFlow1.1,266.84,168.5
11.1,personFlow1.0,266.84,180.169
11.1,personFlow1.1,266.84,168.567
11.15,personFlow1.0,266.84,180.227
11.15,personFlow1.1,266.84,168.636
11.2,personFlow1.0,266.84,180.292
11.2,personFlow1.1,266.84,168.706
11.25,personFlow1.0,266.84,180.345
11.25,personFlow1.1,266.84,168.773
11.3,personFlow1.0,266.84,180.406
11.3,personFlow1.1,266.84,168.839
11.35,personFlow1.0,266.84,180.47
11.35,personFlow1.1,266.84,168.898
11.4,personFlow1.0,266.84,180.528
11.4,personFlow1.1,266.84,168.96
11.45,personFlow1.0,266.84,180.587
11.45,personFlow1.1,266.84,169.024
11.5,personFlow1.0,266.84,180.643
11.5,personFlow1.1,266.84,169.083
11.55,personFlow1.0,266.84,180.702
11.55,personFlow1.1,266.84,169.147
11.6,personFlow1.0,266.84,180.762
11.6,personFlow1.1,266.84,169.205
11.65,personFlow1.0,266.84,180.824
11.65,personFlow1.1,266.84,169.273
11.7,personFlow1.0,266.84,180.886
11.7,personFlow1.1,266.84,169.339
11.75,personFlow1.0,266.84,180.942
11.75,personFlow1.1,266.84,169.405
11.8,personFlow1.0,266.84,180.995
11.8,personFlow1.1,266.84,169.463
11.85,personFlow1.0,266.84,181.051
11.85,personFlow1.1,266.84,169.532
11.9,personFlow1.0,266.84,181.104
11.9,personFlow1.1,266.84,169.592
11.95,personFlow1.0,266.84,181.169
11.95,personFlow1.1,266.84,169.657
12,personFlow1.0,266.84,181.222
12,personFlow1.1,266.84,169.716
12.05,personFlow1.0,266.84,181.278
12.05,personFlow1.1,266.84,169.775
12.1,personFlow1.0,266.84,181.343
12.1,personFlow1.1,266.84,169.837
12.15,personFlow1.0,266.84,181.402
12.15,personFlow1.1,266.84,169.902
12.2,personFlow1.0,266.84,181.464
12.2,personFlow1.1,266.84,169.965
12.25,personFlow1.0,266.84,181.519
12.25,personFlow1.1,266.84,170.026
12.3,personFlow1.0,266.84,181.572
12.3,personFlow1.1,266.84,170.092
12.35,personFlow1.0,266.84,181.625
12.35,personFlow1.1,266.84,170.155
12.4,personFlow1.0,266.84,181.685
12.4,personFlow1.1,266.84,170.221
12.45,personFlow1.0,266.84,181.738
12.45,personFlow1.1,266.84,170.278
12.5,personFlow1.0,266.84,181.794
12.5,personFlow1.1,266.84,170.34
12.55,personFlow1.0,266.84,181.855
12.55,personFlow1.1,266.84,170.397
12.6,personFlow1.0,266.84,181.908
12.6,personFlow1.1,266.84,170.456
12.65,personFlow1.0,266.84,181.966
12.65,personFlow1.1,266.84,170.525
12.7,personFlow1.0,266.84,182.025
12.7,personFlow1.1,266.84,170.582
12.75,personFlow1.0,266.84,182.079
12.75,personFlow1.1,266.84,170.648
12.8,personFlow1.0,266.84,182.143
12.8,personFlow1.1,266.84,170.706
12.85,personFlow1.0,266.84,182.203
12.85,personFlow1.1,266.84,170.776
12.9,personFlow1.0,266.84,182.256
12.9,personFlow1.1,266.84,170.834
12.95,personFlow1.0,266.84,182.319
12.95,personFlow1.1,266.84,170.903
13,personFlow1.0,266.84,182.383
13,personFlow1.1,266.84,170.97
13.05,personFlow1.0,266.84,182.448
13.05,personFlow1.1,266.84,171.033
13.1,personFlow1.0,266.84,182.504
13.1,personFlow1.1,266.84,171.093
13.15,personFlow1.0,266.84,182.557
13.15,personFlow1.1,266.84,171.16
13.2,personFlow1.0,266.84,182.613
13.2,personFlow1.1,266.84,171.217
13.25,personFlow1.0,266.84,182.67
13.25,personFlow1.1,266.84,171.284
13.3,personFlow1.0,266.84,182.726
13.3,personFlow1.1,266.84,171.349
13.35,personFlow1.0,266.84,182.781
13.35,personFlow1.1,266.84,171.417
13.4,personFlow1.0,266.84,182.842
13.4,personFlow1.1,266.84,171.479
13.45,personFlow1.0,266.84,182.906
13.45,personFlow1.1,266.84,171.548
13.5,personFlow1.0,266.84,182.97
13.5,personFlow1.1,266.84,171.616
13.55,personFlow1.0,266.84,183.024
13.55,personFlow1.1,266.84,171.68
13.6,personFlow1.0,266.84,183.078
13.6,personFlow1.1,266.84,171.736
13.65,personFlow1.0,266.84,183.142
13.65,personFlow1.1,266.84,171.794
13.7,personFlow1.0,266.84,183.2
13.7,personFlow1.1,266.84,171.863
13.75,personFlow1.0,266.84,183.258
13.75,personFlow1.1,266.84,171.928
13.8,personFlow1.0,266.84,183.313
13.8,personFlow1.1,266.84,171.994
13.85,personFlow1.0,266.84,183.372
13.85,personFlow1.1,266.84,172.061
13.9,personFlow1.0,266.84,183.434
13.9,personFlow1.1,266.84,172.118
13.95,personFlow1.0,266.863,183.545
13.95,personFlow1.1,266.84,172.179
14,personFlow1.0,266.878,183.597
14,personFlow1.1,266.84,172.236
14.05,personFlow1.0,266.895,183.652
14.05,personFlow1.1,266.84,172.299
14.1,personFlow1.0,266.911,183.706
14.1,personFlow1.1,266.84,172.369
14.15,personFlow1.0,266.928,183.762
14.15,personFlow1.1,266.84,172.426
14.2,personFlow1.0,266.944,183.815
14.2,personFlow1.1,266.84,172.492
14.25,personFlow1.0,266.94,183.808
14.25,personFlow1.1,266.84,172.56
14.3,personFlow1.0,266.94,183.866
14.3,personFlow1.1,266.84,172.63
14.35,personFlow1.0,266.94,183.929
14.35,personFlow1.1,266.84,172.689
14.4,personFlow1.0,266.94,183.984
14.4,personFlow1.1,266.84,172.759
14.45,personFlow1.0,266.94,184.047
14.45,personFlow1.1,266.84,172.828
14.5,personFlow1.0,266.94,184.1
14.5,personFlow1.1,266.84,172.885
14.55,personFlow1.0,266.94,184.156
14.55,personFlow1.1,266.84,172.946
14.6,personFlow1.0,266.94,184.212
14.6,personFlow1.1,266.84,173.008
14.65,personFlow1.0,266.94,184.274
14.65,personFlow1.1,266.84,173.068
14.7,personFlow1.0,266.94,184.329
14.7,personFlow1.1,266.84,173.132
14.75,personFlow1.0,266.94,184.388
14.75,personFlow1.1,266.84,173.195
14.8,personFlow1.0,266.94,184.447
14.8,personFlow1.1,266.84,173.257
14.85,personFlow1.0,266.94,184.51
14.85,personFlow1.1,266.84,173.321
14.9,personFlow1.0,266.94,184.568
14.9,personFlow1.1,266.84,173.377
14.95,personFlow1.0,266.94,184.632
14.95,personFlow1.1,266.84,173.444
15,personFlow1.0,266.94,184.696
15,personFlow1.1,266.84,173.501
15.05,personFlow1.0,266.94,184.749
15.05,personFlow1.1,266.84,173.569
15.1,personFlow1.0,266.94,184.806
15.1,personFlow1.1,266.84,173.637
15.15,personFlow1.0,266.94,184.87
15.15,personFlow1.1,266.84,173.703
15.2,personFlow1.0,266.94,184.925
15.2,personFlow1.1,266.84,173.772
15.25,personFlow1.0,266.94,184.978
15.25,personFlow1.1,266.84,173.838
15.3,personFlow1.0,266.94,185.041
15.3,personFlow1.1,266.84,173.904
15.35,personFlow1.0,266.94,185.094
15.35,personFlow1.1,266.84,173.962
15.4,personFlow1.0,266.94,185.147
15.4,personFlow1.1,266.84,174.027
15.45,personFlow1.0,266.94,185.203
15.45,personFlow1.1,266.84,174.092
15.5,personFlow1.0,266.94,185.256
15.5,personFlow1.1,266.84,174.15
15.55,personFlow1.0,266.94,185.312
15.55,personFlow1.1,266.84,174.215
15.6,personFlow1.0,266.94,185.365
15.6,personFlow1.1,266.84,174.277
15.65,personFlow1.0,266.94,185.418
15.65,personFlow1.1,266.84,174.346
15.7,personFlow1.0,266.94,185.481
15.7,personFlow1.1,266.84,174.412
15.75,personFlow1.0,266.94,185.536
15.75,personFlow1.1,266.84,174.476
15.8,personFlow1.0,266.94,185.588
15.8,personFlow1.1,266.84,174.543
15.85,personFlow1.0,266.94,185.651
15.85,personFlow1.1,266.84,174.607
15.9,personFlow1.0,266.94,185.709
15.9,personFlow1.1,266.84,174.672
15.95,personFlow1.0,266.94,185.767
15.95,personFlow1.1,266.84,174.739
16,personFlow1.0,266.94,185.822
16,personFlow1.1,266.84,174.801
16.05,personFlow1.0,266.94,185.88
16.05,personFlow1.1,266.84,174.866
16.1,personFlow1.0,266.94,185.934
16.1,personFlow1.1,266.84,174.924
16.15,personFlow1.0,266.94,185.995
16.15,personFlow1.1,266.84,174.983
16.2,personFlow1.0,266.94,186.053
16.2,personFlow1.1,266.84,175.051
16.25,personFlow1.0,266.94,186.118
16.25,personFlow1.1,266.84,175.109
16.3,personFlow1.0,266.94,186.177
16.3,personFlow1.1,266.84,175.171
16.35,personFlow1.0,266.94,186.236
16.35,personFlow1.1,266.84,175.229
16.4,personFlow1.0,266.94,186.298
16.4,personFlow1.1,266.84,175.297
16.45,personFlow1.0,266.94,186.356
16.45,personFlow1.1,266.84,175.358
16.5,personFlow1.0,266.94,186.416
16.5,personFlow1.1,266.84,175.418
16.55,personFlow1.0,266.94,186.479
16.55,personFlow1.1,266.84,175.48
16.6,personFlow1.0,266.94,186.535
16.6,personFlow1.1,266.84,175.542
16.65,personFlow1.0,266.94,186.598
16.65,personFlow1.1,266.84,175.6
16.7,personFlow1.0,266.94,186.652
16.7,personFlow1.1,266.84,175.669
16.75,personFlow1.0,266.94,186.715
16.75,personFlow1.1,266.84,175.73
16.8,personFlow1.0,266.94,186.769
16.8,personFlow1.1,266.84,175.787
16.85,personFlow1.0,266.94,186.823
16.85,personFlow1.1,266.84,175.847
16.9,personFlow1.0,266.94,186.876
16.9,personFlow1.1,266.84,175.917
16.95,personFlow1.0,266.94,186.933
16.95,personFlow1.1,266.84,175.975
17,personFlow1.0,266.94,186.988
17,personFlow1.1,266.84,176.031
17.05,personFlow1.0,266.94,187.046
17.05,personFlow1.1,266.84,176.096
17.1,personFlow1.0,266.94,187.099
17.1,personFlow1.1,266.84,176.166
17.15,personFlow1.0,266.94,187.155
17.15,personFlow1.1,266.84,176.233
17.2,personFlow1.0,266.94,187.207
17.2,personFlow1.1,266.84,176.301
17.25,personFlow1.0,266.94,187.262
17.25,personFlow1.1,266.84,176.362
17.3,personFlow1.0,266.94,187.316
17.3,personFlow1.1,266.84,176.429
17.35,personFlow1.0,266.94,187.374
17.35,personFlow1.1,266.84,176.494
17.4,personFlow1.0,266.94,187.431
17.4,personFlow1.1,266.84,176.552
17.45,personFlow1.0,266.94,187.495
17.45,personFlow1.1,266.84,176.621
17.5,personFlow1.0,266.94,187.559
17.5,personFlow1.1,266.84,176.69
17.55,personFlow1.0,266.94,187.615
17.55,personFlow1.1,266.84,176.749
17.6,personFlow1.0,266.94,187.667
17.6,personFlow1.1,266.84,176.809
17.65,personFlow1.0,266.94,187.726
17.65,personFlow1.1,266.84,176.87
17.7,personFlow1.0,266.94,187.79
17.7,personFlow1.1,266.84,176.935
17.75,personFlow1.0,266.94,187.846
17.75,personFlow1.1,266.84,177.002
17.8,personFlow1.0,266.94,187.909
17.8,personFlow1.1,266.84,177.064
17.85,personFlow1.0,266.94,187.974
17.85,personFlow1.1,266.84,177.124
17.9,personFlow1.0,266.94,188.033
17.9,personFlow1.1,266.84,177.184
17.95,personFlow1.0,266.94,188.093
17.95,personFlow1.1,266.84,177.252
18,personFlow1.0,267.189,188.313
18,personFlow1.1,266.84,177.313
18.05,personFlow1.0,267.251,188.317
18.05,personFlow1.1,266.84,177.38
18.1,personFlow1.0,267.306,188.32
18.1,personFlow1.1,266.84,177.44
18.15,personFlow1.0,267.37,188.324
18.15,personFlow1.1,266.84,177.508
18.2,personFlow1.0,267.423,188.327
18.2,personFlow1.1,266.84,177.575
18.25,personFlow1.0,267.479,188.331
18.25,personFlow1.1,266.84,177.643
18.3,personFlow1.0,267.537,188.334
18.3,personFlow1.1,266.84,177.699
18.35,personFlow1.0,267.599,188.338
18.35,personFlow1.1,266.84,177.762
18.4,personFlow1.0,267.657,188.342
18.4,personFlow1.1,266.84,177.821
18.45,personFlow1.0,267.72,188.346
18.45,personFlow1.1,266.84,177.884
18.5,personFlow1.0,267.778,188.349
18.5,personFlow1.1,266.84,177.944
18.55,personFlow1.0,267.831,188.353
18.55,personFlow1.1,266.84,178.013
18.6,personFlow1.0,267.891,188.356
18.6,personFlow1.1,266.84,178.075
18.65,personFlow1.0,267.952,188.36
18.65,personFlow1.1,266.84,178.143
18.7,personFlow1.0,268.011,188.364
18.7,personFlow1.1,266.84,178.205
18.75,personFlow1.0,268.068,188.367
18.75,personFlow1.1,266.84,178.273
18.8,personFlow1.0,268.123,188.371
18.8,personFlow1.1,266.84,178.339
18.85,personFlow1.0,268.176,188.374
18.85,personFlow1.1,266.84,178.403
18.9,personFlow1.0,268.231,188.377
18.9,personFlow1.1,266.84,178.461
18.95,personFlow1.0,268.29,188.381
18.95,personFlow1.1,266.84,178.52
19,personFlow1.0,268.349,188.384
19,personFlow1.1,266.84,178.585
19.05,personFlow1.0,268.407,188.388
19.05,personFlow1.1,266.84,178.65
19.1,personFlow1.0,268.468,188.392
19.1,personFlow1.1,266.84,178.719
19.15,personFlow1.0,268.523,188.395
19.15,personFlow1.1,266.84,178.776
19.2,personFlow1.0,268.581,188.399
19.2,personFlow1.1,266.84,178.841
19.25,personFlow1.0,268.633,188.402
19.25,personFlow1.1,266.84,178.904
19.3,personFlow1.0,268.698,188.406
19.3,personFlow1.1,266.84,178.963
19.35,personFlow1.0,268.756,188.41
19.35,personFlow1.1,266.84,179.021
19.4,personFlow1.0,268.811,188.413
19.4,personFlow1.1,266.84,179.087
19.45,personFlow1.0,268.872,188.417
19.45,personFlow1.1,266.84,179.151
19.5,personFlow1.0,268.927,188.42
19.5,personFlow1.1,266.84,179.218
19.55,personFlow1.0,268.989,188.424
19.55,personFlow1.1,266.84,179.286
19.6,personFlow1.0,269.042,188.427
19.6,personFlow1.1,266.84,179.343
19.65,personFlow1.0,269.094,188.431
19.65,personFlow1.1,266.84,179.404
19.7,personFlow1.0,269.147,188.434
19.7,personFlow1.1,266.84,179.46
19.75,personFlow1.0,269.2,188.437
19.75,personFlow1.1,266.84,179.519
19.8,personFlow1.0,269.258,188.441
19.8,personFlow1.1,266.84,179.584
19.85,personFlow1.0,269.311,188.444
19.85,personFlow1.1,266.84,179.647
19.9,personFlow1.0,269.363,188.447
19.9,personFlow1.1,266.84,179.717
19.95,personFlow1.0,269.417,188.451
19.95,personFlow1.1,266.84,179.786
20,personFlow1.0,269.482,188.455
20,personFlow1.1,266.84,179.855
20.05,personFlow1.0,269.534,188.458
20.05,personFlow1.1,266.84,179.922
20.05,personFlow1.2,266.84,167.201
20.1,personFlow1.0,269.598,188.462
20.1,personFlow1.1,266.84,179.984
20.1,personFlow1.2,266.84,167.271
20.15,personFlow1.0,269.663,188.466
20.15,personFlow1.1,266.84,180.045
20.15,personFlow1.2,266.84,167.341
20.2,personFlow1.0,269.724,188.47
20.2,personFlow1.1,266.84,180.109
20.2,personFlow1.2,266.84,167.404
20.25,personFlow1.0,269.777,188.473
20.25,personFlow1.1,266.84,180.168
20.25,personFlow1.2,266.84,167.476
20.3,personFlow1.0,269.833,188.476
20.3,personFlow1.1,266.84,180.237
20.3,personFlow1.2,266.84,167.548
20.35,personFlow1.0,269.887,188.48
20.35,personFlow1.1,266.84,180.299
20.35,personFlow1.2,266.84,167.615
20.4,personFlow1.0,269.941,188.483
20.4,personFlow1.1,266.84,180.36
20.4,personFlow1.2,266.84,167.678
20.45,personFlow1.0,270.002,188.487
20.45,personFlow1.1,266.84,180.424
20.45,personFlow1.2,266.84,167.739
20.5,personFlow1.0,270.056,188.49
20.5,personFlow1.1,266.84,180.492
20.5,personFlow1.2,266.84,167.802
20.55,personFlow1.0,270.116,188.494
20.55,personFlow1.1,266.84,180.56
20.55,personFlow1.2,266.84,167.865
20.6,personFlow1.0,270.171,188.497
20.6,personFlow1.1,266.84,180.621
20.6,personFlow1.2,266.84,167.927
20.65,personFlow1.0,270.224,188.5
20.65,personFlow1.1,266.84,180.688
20.65,personFlow1.2,266.84,167.991
20.7,personFlow1.0,270.284,188.504
20.7,personFlow1.1,266.84,180.756
20.7,personFlow1.2,266.84,168.052
20.75,personFlow1.0,270.343,188.508
20.75,personFlow1.1,266.84,180.821
20.75,personFlow1.2,266.84,168.122
20.8,personFlow1.0,270.399,188.511
20.8,personFlow1.1,266.84,180.881
20.8,personFlow1.2,266.84,168.195
20.85,personFlow1.0,270.463,188.515
20.85,personFlow1.1,266.84,180.94
20.85,personFlow1.2,266.84,168.261
20.9,personFlow1.0,270.523,188.519
20.9,personFlow1.1,266.84,180.999
20.9,personFlow1.2,266.84,168.328
20.95,personFlow1.0,270.586,188.523
20.95,personFlow1.1,266.84,181.068
20.95,personFlow1.2,266.84,168.4
21,personFlow1.0,270.646,188.526
21,personFlow1.1,266.84,181.137
21,personFlow1.2,266.84,168.46
21.05,personFlow1.0,270.706,188.53
21.05,personFlow1.1,266.84,181.2
21.05,personFlow1.2,266.84,168.522
21.1,personFlow1.0,270.77,188.534
21.1,personFlow1.1,266.84,181.258
21.1,personFlow1.2,266.84,168.584
21.15,personFlow1.0,270.823,188.537
21.15,personFlow1.1,266.84,181.322
21.15,personFlow1.2,266.84,168.646
21.2,personFlow1.0,270.879,188.541
21.2,personFlow1.1,266.84,181.391
21.2,personFlow1.2,266.84,168.71
21.25,personFlow1.0,270.939,188.545
21.25,personFlow1.1,266.84,181.45
21.25,personFlow1.2,266.84,168.78
21.3,personFlow1.0,271.003,188.549
21.3,personFlow1.1,266.84,181.511
21.3,personFlow1.2,266.84,168.852
21.35,personFlow1.0,271.06,188.552
21.35,personFlow1.1,266.84,181.574
21.35,personFlow1.2,266.84,168.924
21.4,personFlow1.0,271.124,188.556
21.4,personFlow1.1,266.84,181.634
21.4,personFlow1.2,266.84,168.996
21.45,personFlow1.0,271.185,188.56
21.45,personFlow1.1,266.84,181.698
21.45,personFlow1.2,266.84,169.063
21.5,personFlow1.0,271.248,188.564
21.5,personFlow1.1,266.84,181.757
21.5,personFlow1.2,266.84,169.124
21.55,personFlow1.0,271.301,188.567
21.55,personFlow1.1,266.84,181.819
21.55,personFlow1.2,266.84,169.191
21.6,personFlow1.0,271.359,188.571
21.6,personFlow1.1,266.84,181.886
21.6,personFlow1.2,266.84,169.262
21.65,personFlow1.0,271.417,188.574
21.65,personFlow1.1,266.84,181.951
21.65,personFlow1.2,266.84,169.33
21.7,personFlow1.0,271.472,188.578
21.7,personFlow1.1,266.84,182.012
21.7,personFlow1.2,266.84,169.398
21.75,personFlow1.0,271.532,188.581
21.75,personFlow1.1,266.84,182.068
21.75,personFlow1.2,266.84,169.47
21.8,personFlow1.0,271.596,188.585
21.8,personFlow1.1,266.84,182.128
21.8,personFlow1.2,266.84,169.538
21.85,personFlow1.0,271.653,188.589
21.85,personFlow1.1,266.84,182.189
21.85,personFlow1.2,266.84,169.608
21.9,personFlow1.0,271.716,188.593
21.9,personFlow1.1,266.84,182.247
21.9,personFlow1.2,266.84,169.676
21.95,personFlow1.0,271.77,188.596
21.95,personFlow1.1,266.84,182.316
21.95,personFlow1.2,266.84,169.744
22,personFlow1.0,271.843,188.599
22,personFlow1.1,266.84,182.375
22,personFlow1.2,266.84,169.811
22.05,personFlow1.0,271.902,188.599
22.05,personFlow1.1,266.84,182.432
22.05,personFlow1.2,266.84,169.885
22.1,personFlow1.0,271.961,188.599
22.1,personFlow1.1,266.84,182.491
22.1,personFlow1.2,266.84,169.958
22.15,personFlow1.0,272.019,188.599
22.15,personFlow1.1,266.84,182.548
22.15,personFlow1.2,266.84,170.03
22.2,personFlow1.0,272.083,188.599
22.2,personFlow1.1,266.84,182.607
22.2,personFlow1.2,266.84,170.091
22.25,personFlow1.0,272.142,188.599
22.25,personFlow1.1,266.84,182.672
22.25,personFlow1.2,266.84,170.165
22.3,personFlow1.0,272.204,188.599
22.3,personFlow1.1,266.84,182.736
22.3,personFlow1.2,266.84,170.233
22.35,personFlow1.0,272.267,188.599
22.35,personFlow1.1,266.84,182.798
22.35,personFlow1.2,266.84,170.308
22.4,personFlow1.0,272.321,188.6
22.4,personFlow1.1,266.84,182.857
22.4,personFlow1.2,266.84,170.379
22.45,personFlow1.0,272.381,188.6
22.45,personFlow1.1,266.84,182.918
22.45,personFlow1.2,266.84,170.447
22.5,personFlow1.0,272.441,188.6
22.5,personFlow1.1,266.84,182.987
22.5,personFlow1.2,266.84,170.519
22.55,personFlow1.0,272.504,188.6
22.55,personFlow1.1,266.84,183.053
22.55,personFlow1.2,266.84,170.58
22.6,personFlow1.0,272.558,188.6
22.6,personFlow1.1,266.84,183.114
22.6,personFlow1.2,266.84,170.652
22.65,personFlow1.0,272.616,188.6
22.65,personFlow1.1,266.84,183.173
22.65,personFlow1.2,266.84,170.714
22.7,personFlow1.0,272.679,188.6
22.7,personFlow1.1,266.84,183.238
22.7,personFlow1.2,266.84,170.782
22.75,personFlow1.0,272.737,188.6
22.75,personFlow1.1,266.84,183.303
22.75,personFlow1.2,266.84,170.852
22.8,personFlow1.0,272.805,188.6
22.8,personFlow1.1,266.84,183.372
22.8,personFlow1.2,266.84,170.915
22.85,personFlow1.0,272.865,188.601
22.85,personFlow1.1,266.84,183.436
22.85,personFlow1.2,266.84,170.979
22.9,personFlow1.0,272.926,188.601
22.9,personFlow1.1,266.865,183.552
22.9,personFlow1.2,266.84,171.053
22.95,personFlow1.0,272.985,188.601
22.95,personFlow1.1,266.883,183.612
22.95,personFlow1.2,266.84,171.121
23,personFlow1.0,273.044,188.601
23,personFlow1.1,266.902,183.675
23,personFlow1.2,266.84,171.183
23.05,personFlow1.0,273.106,188.601
23.05,personFlow1.1,266.921,183.738
23.05,personFlow1.2,266.84,171.246
23.1,personFlow1.0,273.174,188.601
23.1,personFlow1.1,266.938,183.795
23.1,personFlow1.2,266.84,171.319
23.15,personFlow1.0,273.239,188.601
23.15,personFlow1.1,266.94,183.801
23.15,personFlow1.2,266.84,171.385
23.2,personFlow1.0,273.309,188.601
23.2,personFlow1.1,266.94,183.864
23.2,personFlow1.2,266.84,171.448
23.25,personFlow1.0,273.378,188.601
23.25,personFlow1.1,266.94,183.931
23.25,personFlow1.2,266.84,171.522
23.3,personFlow1.0,273.438,188.602
23.3,personFlow1.1,266.94,183.99
23.3,personFlow1.2,266.84,171.589
23.35,personFlow1.0,273.497,188.602
23.35,personFlow1.1,266.94,184.049
23.35,personFlow1.2,266.84,171.65
23.4,personFlow1.0,273.561,188.602
23.4,personFlow1.1,266.94,184.119
23.4,personFlow1.2,266.84,171.722
23.45,personFlow1.0,273.625,188.602
23.45,personFlow1.1,266.94,184.185
23.45,personFlow1.2,266.84,171.797
23.5,personFlow1.0,273.689,188.602
23.5,personFlow1.1,266.94,184.245
23.5,personFlow1.2,266.84,171.86
23.55,personFlow1.0,273.754,188.602
23.55,personFlow1.1,266.94,184.313
23.55,personFlow1.2,266.84,171.928
23.6,personFlow1.0,273.823,188.602
23.6,personFlow1.1,266.94,184.375
23.6,personFlow1.2,266.84,171.992
23.65,personFlow1.0,273.892,188.602
23.65,personFlow1.1,266.94,184.433
23.65,personFlow1.2,266.84,172.063
23.7,personFlow1.0,273.954,188.603
23.7,personFlow1.1,266.94,184.49
23.7,personFlow1.2,266.84,172.134
23.75,personFlow1.0,274.021,188.603
23.75,personFlow1.1,266.94,184.549
23.75,personFlow1.2,266.84,172.209
23.8,personFlow1.0,274.083,188.603
23.8,personFlow1.1,266.94,184.618
23.8,personFlow1.2,266.84,172.276
23.85,personFlow1.0,274.147,188.603
23.85,personFlow1.1,266.94,184.678
23.85,personFlow1.2,266.84,172.339
23.9,personFlow1.0,274.207,188.603
23.9,personFlow1.1,266.94,184.736
23.9,personFlow1.2,266.84,172.414
23.95,personFlow1.0,274.27,188.603
23.95,personFlow1.1,266.94,184.795
23.95,personFlow1.2,266.84,172.48
24,personFlow1.0,274.34,188.603
24,personFlow1.1,266.94,184.856
24,personFlow1.2,266.84,172.546
24.05,personFlow1.0,274.401,188.603
24.05,personFlow1.1,266.94,184.923
24.05,personFlow1.2,266.84,172.61
24.1,personFlow1.0,274.462,188.603
24.1,personFlow1.1,266.94,184.987
24.1,personFlow1.2,266.84,172.673
24.15,personFlow1.0,274.523,188.604
24.15,personFlow1.1,266.94,185.052
24.15,personFlow1.2,266.84,172.738
24.2,personFlow1.0,274.591,188.604
24.2,personFlow1.1,266.94,185.111
24.2,personFlow1.2,266.84,172.807
24.25,personFlow1.0,274.653,188.604
24.25,personFlow1.1,266.94,185.173
24.25,personFlow1.2,266.84,172.879
24.3,personFlow1.0,274.718,188.604
24.3,personFlow1.1,266.94,185.239
24.3,personFlow1.2,266.84,172.948
24.35,personFlow1.0,274.774,188.604
24.35,personFlow1.1,266.94,185.305
24.35,personFlow1.2,266.84,173.014
24.4,personFlow1.0,274.839,188.604
24.4,personFlow1.1,266.94,185.37
24.4,personFlow1.2,266.84,173.085
24.45,personFlow1.0,274.909,188.604
24.45,personFlow1.1,266.94,185.429
24.45,personFlow1.2,266.84,173.151
24.5,personFlow1.0,274.966,188.604
24.5,personFlow1.1,266.94,185.495
24.5,personFlow1.2,266.84,173.216
24.55,personFlow1.0,275.026,188.605
24.55,personFlow1.1,266.94,185.563
24.55,personFlow1.2,266.84,173.284
24.6,personFlow1.0,275.088,188.605
24.6,personFlow1.1,266.94,185.626
24.6,personFlow1.2,266.84,173.357
24.65,personFlow1.0,275.154,188.605
24.65,personFlow1.1,266.94,185.695
24.65,personFlow1.2,266.84,173.418
24.7,personFlow1.0,275.219,188.605
24.7,personFlow1.1,266.94,185.753
24.7,personFlow1.2,266.84,173.492
24.75,personFlow1.0,275.281,188.605
24.75,personFlow1.1,266.94,185.812
24.75,personFlow1.2,266.84,173.558
24.8,personFlow1.0,275.341,188.605
24.8,personFlow1.1,266.94,185.881
24.8,personFlow1.2,266.84,173.626
24.85,personFlow1.0,275.41,188.605
24.85,personFlow1.1,266.94,185.945
24.85,personFlow1.2,266.84,173.692
24.9,personFlow1.0,275.47,188.605
24.9,personFlow1.1,266.94,186.009
24.9,personFlow1.2,266.84,173.755
24.95,personFlow1.0,275.53,188.605
24.95,personFlow1.1,266.94,186.072
24.95,personFlow1.2,266.84,173.82
25,personFlow1.0,275.594,188.606
25,personFlow1.1,266.94,186.136
25,personFlow1.2,266.84,173.89
25.05,personFlow1.0,275.662,188.606
25.05,personFlow1.1,266.94,186.205
25.05,personFlow1.2,266.84,173.952
25.1,personFlow1.0,275.727,188.606
25.1,personFlow1.1,266.94,186.269
25.1,personFlow1.2,266.84,174.024
25.15,personFlow1.0,275.789,188.606
25.15,personFlow1.1,266.94,186.338
25.15,personFlow1.2,266.84,174.098
25.2,personFlow1.0,275.845,188.606
25.2,personFlow1.1,266.94,186.401
25.2,personFlow1.2,266.84,174.165
25.25,personFlow1.0,275.91,188.606
25.25,personFlow1.1,266.94,186.466
25.25,personFlow1.2,266.84,174.235
25.3,personFlow1.0,275.976,188.606
25.3,personFlow1.1,266.94,186.525
25.3,personFlow1.2,266.84,174.303
25.35,personFlow1.0,276.046,188.606
25.35,personFlow1.1,266.94,186.591
25.35,personFlow1.2,266.84,174.369
25.4,personFlow1.0,276.103,188.607
25.4,personFlow1.1,266.94,186.648
25.4,personFlow1.2,266.84,174.43
25.45,personFlow1.0,276.172,188.607
25.45,personFlow1.1,266.94,186.718
25.45,personFlow1.2,266.84,174.502
25.5,personFlow1.0,276.241,188.607
25.5,personFlow1.1,266.94,186.787
25.5,personFlow1.2,266.84,174.565
25.55,personFlow1.0,276.303,188.607
25.55,personFlow1.1,266.94,186.856
25.55,personFlow1.2,266.84,174.635
25.6,personFlow1.0,276.362,188.607
25.6,personFlow1.1,266.94,186.926
25.6,personFlow1.2,266.84,174.7
25.65,personFlow1.0,276.42,188.607
25.65,personFlow1.1,266.94,186.983
25.65,personFlow1.2,266.84,174.769
25.7,personFlow1.0,276.485,188.607
25.7,personFlow1.1,266.94,187.045
25.7,personFlow1.2,266.84,174.84
25.75,personFlow1.0,276.553,188.607
25.75,personFlow1.1,266.94,187.103
25.75,personFlow1.2,266.84,174.903
25.8,personFlow1.0,276.62,188.607
25.8,personFlow1.1,266.94,187.167
25.8,personFlow1.2,266.84,174.966
25.85,personFlow1.0,276.681,188.608
25.85,personFlow1.1,266.94,187.226
25.85,personFlow1.2,266.84,175.028
25.9,personFlow1.0,276.741,188.608
25.9,personFlow1.1,266.94,187.293
25.9,personFlow1.2,266.84,175.097
25.95,personFlow1.0,276.809,188.608
25.95,personFlow1.1,266.94,187.363
25.95,personFlow1.2,266.84,175.157
26,personFlow1.0,276.875,188.608
26,personFlow1.1,266.94,187.424
26,personFlow1.2,266.84,175.223
26.05,personFlow1.0,276.938,188.608
26.05,personFlow1.1,266.94,187.492
26.05,personFlow1.2,266.84,175.291
26.1,personFlow1.0,276.998,188.608
26.1,personFlow1.1,266.94,187.556
26.1,personFlow1.2,266.84,175.356
26.15,personFlow1.0,277.056,188.608
26.15,personFlow1.1,266.94,187.626
26.15,personFlow1.2,266.84,175.424
26.2,personFlow1.0,277.113,188.608
26.2,personFlow1.1,266.94,187.694
26.2,personFlow1.2,266.84,175.498
26.25,personFlow1.0,277.174,188.609
26.25,personFlow1.1,266.94,187.763
26.25,personFlow1.2,266.84,175.563
26.3,personFlow1.0,277.244,188.609
26.3,personFlow1.1,266.94,187.822
26.3,personFlow1.2,266.84,175.629
26.35,personFlow1.0,277.314,188.609
26.35,personFlow1.1,266.94,187.891
26.35,personFlow1.2,266.84,175.69
26.4,personFlow1.0,277.371,188.609
26.4,personFlow1.1,266.94,187.961
26.4,personFlow1.2,266.84,175.756
26.45,personFlow1.0,277.433,188.609
26.45,personFlow1.1,266.94,188.03
26.45,personFlow1.2,266.84,175.82
26.5,personFlow1.0,277.501,188.609
26.5,personFlow1.1,266.94,188.09
26.5,personFlow1.2,266.84,175.894
26.55,personFlow1.0,277.562,188.609
26.55,personFlow1.1,267.183,188.312
26.55,personFlow1.2,266.84,175.957
26.6,personFlow1.0,277.624,188.609
26.6,personFlow1.1,267.248,188.316
26.6,personFlow1.2,266.84,176.029
26.65,personFlow1.0,277.685,188.609
26.65,personFlow1.1,267.317,188.321
26.65,personFlow1.2,266.84,176.098
26.7,personFlow1.0,277.753,188.61
26.7,personFlow1.1,267.384,188.325
26.7,personFlow1.2,266.84,176.162
26.75,personFlow1.0,277.817,188.61
26.75,personFlow1.1,267.441,188.328
26.75,personFlow1.2,266.84,176.232
26.8,personFlow1.0,277.875,188.61
26.8,personFlow1.1,267.5,188.332
26.8,personFlow1.2,266.84,176.303
26.85,personFlow1.0,277.934,188.61
26.85,personFlow1.1,267.563,188.336
26.85,personFlow1.2,266.84,176.374
26.9,personFlow1.0,278.002,188.61
26.9,personFlow1.1,267.63,188.34
26.9,personFlow1.2,266.84,176.442
26.95,personFlow1.0,278.07,188.61
26.95,personFlow1.1,267.693,188.344
26.95,personFlow1.2,266.84,176.514
27,personFlow1.0,278.129,188.61
27,personFlow1.1,267.759,188.348
27,personFlow1.2,266.84,176.58
27.05,personFlow1.0,278.186,188.61
27.05,personFlow1.1,267.821,188.352
27.05,personFlow1.2,266.84,176.642
27.1,personFlow1.0,278.249,188.61
27.1,personFlow1.1,267.879,188.355
27.1,personFlow1.2,266.84,176.715
27.15,personFlow1.0,278.316,188.611
27.15,personFlow1.1,267.944,188.359
27.15,personFlow1.2,266.84,176.781
27.2,personFlow1.0,278.381,188.611
27.2,personFlow1.1,268.007,188.363
27.2,personFlow1.2,266.84,176.855
27.25,personFlow1.0,278.445,188.611
27.25,personFlow1.1,268.073,188.367
27.25,personFlow1.2,266.84,176.919
27.3,personFlow1.0,278.512,188.611
27.3,personFlow1.1,268.129,188.371
27.3,personFlow1.2,266.84,176.994
27.35,personFlow1.0,278.573,188.611
27.35,personFlow1.1,268.196,188.375
27.35,personFlow1.2,266.84,177.055
27.4,personFlow1.0,278.644,188.611
27.4,personFlow1.1,268.256,188.379
27.4,personFlow1.2,266.84,177.126
27.45,personFlow1.0,278.705,188.611
27.45,personFlow1.1,268.319,188.383
27.45,personFlow1.2,266.84,177.189
27.5,personFlow1.0,278.766,188.611
27.5,personFlow1.1,268.379,188.386
27.5,personFlow1.2,266.84,177.256
27.55,personFlow1.0,278.831,188.612
27.55,personFlow1.1,268.44,188.39
27.55,personFlow1.2,266.84,177.324
27.6,personFlow1.0,278.889,188.612
27.6,personFlow1.1,268.5,188.394
27.6,personFlow1.2,266.84,177.389
27.65,personFlow1.0,278.947,188.612
27.65,personFlow1.1,268.558,188.397
27.65,personFlow1.2,266.84,177.463
27.7,personFlow1.0,279.008,188.612
27.7,personFlow1.1,268.619,188.401
27.7,personFlow1.2,266.84,177.53
27.75,personFlow1.0,279.065,188.612
27.75,personFlow1.1,268.687,188.405
27.75,personFlow1.2,266.84,177.6
27.8,personFlow1.0,279.127,188.612
27.8,personFlow1.1,268.749,188.409
27.8,personFlow1.2,266.84,177.664
27.85,personFlow1.0,279.188,188.612
27.85,personFlow1.1,268.817,188.413
27.85,personFlow1.2,266.84,177.727
27.9,personFlow1.0,279.246,188.612
27.9,personFlow1.1,268.874,188.417
27.9,personFlow1.2,266.84,177.802
27.95,personFlow1.0,279.309,188.612
27.95,personFlow1.1,268.936,188.421
27.95,personFlow1.2,266.84,177.877
28,personFlow1.0,279.374,188.613
28,personFlow1.1,269.006,188.425
28,personFlow1.2,266.84,177.946
28.05,personFlow1.0,279.443,188.613
28.05,personFlow1.1,269.07,188.429
28.05,personFlow1.2,266.84,178.012
28.1,personFlow1.0,279.507,188.613
28.1,personFlow1.1,269.127,188.433
28.1,personFlow1.2,266.84,178.073
28.15,personFlow1.0,279.568,188.613
28.15,personFlow1.1,269.189,188.436
28.15,personFlow1.2,266.84,178.135
28.2,personFlow1.0,279.633,188.613
28.2,personFlow1.1,269.254,188.44
28.2,personFlow1.2,266.84,178.209
28.25,personFlow1.0,279.696,188.613
28.25,personFlow1.1,269.312,188.444
28.25,personFlow1.2,266.84,178.28
28.3,personFlow1.0,279.761,188.613
28.3,personFlow1.1,269.375,188.448
28.3,personFlow1.2,266.84,178.344
28.35,personFlow1.0,279.819,188.613
28.35,personFlow1.1,269.432,188.451
28.35,personFlow1.2,266.84,178.404
28.4,personFlow1.0,279.889,188.614
28.4,personFlow1.1,269.489,188.455
28.4,personFlow1.2,266.84,178.473
28.45,personFlow1.0,279.947,188.614
28.45,personFlow1.1,269.555,188.459
28.45,personFlow1.2,266.84,178.535
28.5,personFlow1.0,280.006,188.614
28.5,personFlow1.1,269.614,188.463
28.5,personFlow1.2,266.84,178.601
28.55,personFlow1.0,280.072,188.614
28.55,personFlow1.1,269.675,188.466
28.55,personFlow1.2,266.84,178.674
28.6,personFlow1.0,280.133,188.614
28.6,personFlow1.1,269.732,188.47
28.6,personFlow1.2,266.84,178.735
28.65,personFlow1.0,280.2,188.614
28.65,personFlow1.1,269.8,188.474
28.65,personFlow1.2,266.84,178.807
28.7,personFlow1.0,280.27,188.614
28.7,personFlow1.1,269.862,188.478
28.7,personFlow1.2,266.84,178.871
28.75,personFlow1.0,280.338,188.614
28.75,personFlow1.1,269.919,188.482
28.75,personFlow1.2,266.84,178.943
28.8,personFlow1.0,280.395,188.614
28.8,personFlow1.1,269.982,188.485
28.8,personFlow1.2,266.84,179.016
28.85,personFlow1.0,280.454,188.615
28.85,personFlow1.1,270.049,188.49
28.85,personFlow1.2,266.84,179.077
28.9,personFlow1.0,280.521,188.615
28.9,personFlow1.1,270.111,188.493
28.9,personFlow1.2,266.84,179.139
28.95,personFlow1.0,280.579,188.615
28.95,personFlow1.1,270.172,188.497
28.95,personFlow1.2,266.84,179.204
29,personFlow1.0,280.639,188.615
29,personFlow1.1,270.24,188.501
29,personFlow1.2,266.84,179.278
29.05,personFlow1.0,280.707,188.615
29.05,personFlow1.1,270.298,188.505
29.05,personFlow1.2,266.84,179.348
29.1,personFlow1.0,280.766,188.615
29.1,personFlow1.1,270.366,188.509
29.1,personFlow1.2,266.84,179.409
29.15,personFlow1.0,280.822,188.615
29.15,personFlow1.1,270.436,188.513
29.15,personFlow1.2,266.84,179.473
29.2,personFlow1.0,280.884,188.615
29.2,personFlow1.1,270.492,188.517
29.2,personFlow1.2,266.84,179.545
29.25,personFlow1.0,280.947,188.615
29.25,personFlow1.1,270.555,188.521
29.25,personFlow1.2,266.84,179.612
29.3,personFlow1.0,281.004,188.616
29.3,personFlow1.1,270.622,188.525
29.3,personFlow1.2,266.84,179.68
29.35,personFlow1.0,281.071,188.616
29.35,personFlow1.1,270.686,188.529
29.35,personFlow1.2,266.84,179.747
29.4,personFlow1.0,281.129,188.616
29.4,personFlow1.1,270.751,188.533
29.4,personFlow1.2,266.84,179.815
29.45,personFlow1.0,281.192,188.616
29.45,personFlow1.1,270.811,188.537
29.45,personFlow1.2,266.84,179.888
29.5,personFlow1.0,281.253,188.616
29.5,personFlow1.1,270.873,188.54
29.5,personFlow1.2,266.84,179.959
29.55,personFlow1.0,281.32,188.616
29.55,personFlow1.1,270.935,188.544
29.55,personFlow1.2,266.84,180.032
29.6,personFlow1.0,281.387,188.616
29.6,personFlow1.1,271,188.548
29.6,personFlow1.2,266.84,180.097
29.65,personFlow1.0,281.452,188.616
29.65,personFlow1.1,271.059,188.552
29.65,personFlow1.2,266.84,180.159
29.7,personFlow1.0,281.518,188.617
29.7,personFlow1.1,271.122,188.556
29.7,personFlow1.2,266.84,180.226
29.75,personFlow1.0,281.576,188.617
29.75,personFlow1.1,271.18,188.559
29.75,personFlow1.2,266.84,180.299
29.8,personFlow1.0,281.637,188.617
29.8,personFlow1.1,271.239,188.563
29.8,personFlow1.2,266.84,180.36
29.85,personFlow1.0,281.707,188.617
29.85,personFlow1.1,271.301,188.567
29.85,personFlow1.2,266.84,180.423
29.9,personFlow1.0,281.766,188.617
29.9,personFlow1.1,271.369,188.571
29.9,personFlow1.2,266.84,180.491
29.95,personFlow1.0,281.831,188.617
29.95,personFlow1.1,271.431,188.575
29.95,personFlow1.2,266.84,180.553
30,personFlow1.0,281.899,188.617
30,personFlow1.1,271.5,188.579
30,personFlow1.2,266.84,180.615
30.05,personFlow1.0,281.957,188.617
30.05,personFlow1.1,271.565,188.583
30.05,personFlow1.2,266.84,180.684
30.05,personFlow1.3,266.84,167.201
30.1,personFlow1.0,282.02,188.617
30.1,personFlow1.1,271.628,188.587
30.1,personFlow1.2,266.84,180.749
30.1,personFlow1.3,266.84,167.27
30.15,personFlow1.0,282.089,188.618
30.15,personFlow1.1,271.697,188.591
30.15,personFlow1.2,266.84,180.82
30.15,personFlow1.3,266.84,167.339
30.2,personFlow1.0,282.156,188.618
30.2,personFlow1.1,271.762,188.595
30.2,personFlow1.2,266.84,180.886
30.2,personFlow1.3,266.84,167.4
30.25,personFlow1.0,282.221,188.618
30.25,personFlow1.1,271.836,188.599
30.25,personFlow1.2,266.84,180.956
30.25,personFlow1.3,266.84,167.466
30.3,personFlow1.0,282.29,188.618
30.3,personFlow1.1,271.901,188.599
30.3,personFlow1.2,266.84,181.023
30.3,personFlow1.3,266.84,167.535
30.35,personFlow1.0,282.35,188.618
30.35,personFlow1.1,271.96,188.599
30.35,personFlow1.2,266.84,181.093
30.35,personFlow1.3,266.84,167.603
30.4,personFlow1.0,282.42,188.618
30.4,personFlow1.1,272.016,188.599
30.4,personFlow1.2,266.84,181.159
30.4,personFlow1.3,266.84,167.667
30.45,personFlow1.0,282.482,188.618
30.45,personFlow1.1,272.076,188.599
30.45,personFlow1.2,266.84,181.228
30.45,personFlow1.3,266.84,167.73
30.5,personFlow1.0,282.55,188.618
30.5,personFlow1.1,272.136,188.599
30.5,personFlow1.2,266.84,181.3
30.5,personFlow1.3,266.84,167.795
30.55,personFlow1.0,282.607,188.619
30.55,personFlow1.1,272.192,188.599
30.55,personFlow1.2,266.84,181.375
30.55,personFlow1.3,266.84,167.86
30.6,personFlow1.0,282.668,188.619
30.6,personFlow1.1,272.253,188.599
30.6,personFlow1.2,266.84,181.447
30.6,personFlow1.3,266.84,167.927
30.65,personFlow1.0,282.733,188.619
30.65,personFlow1.1,272.314,188.6
30.65,personFlow1.2,266.84,181.52
30.65,personFlow1.3,266.84,167.991
30.7,personFlow1.0,282.791,188.619
30.7,personFlow1.1,272.375,188.6
30.7,personFlow1.2,266.84,181.582
30.7,personFlow1.3,266.84,168.054
30.75,personFlow1.0,282.848,188.619
30.75,personFlow1.1,272.436,188.6
30.75,personFlow1.2,266.84,181.645
30.75,personFlow1.3,266.84,168.113
30.8,personFlow1.0,282.905,188.619
30.8,personFlow1.1,272.505,188.6
30.8,personFlow1.2,266.84,181.709
30.8,personFlow1.3,266.84,168.181
30.85,personFlow1.0,282.97,188.619
30.85,personFlow1.1,272.57,188.6
30.85,personFlow1.2,266.84,181.784
30.85,personFlow1.3,266.84,168.25
30.9,personFlow1.0,283.032,188.619
30.9,personFlow1.1,272.633,188.6
30.9,personFlow1.2,266.84,181.858
30.9,personFlow1.3,266.84,168.316
30.95,personFlow1.0,283.092,188.619
30.95,personFlow1.1,272.705,188.6
30.95,personFlow1.2,266.84,181.924
30.95,personFlow1.3,266.84,168.385
31,personFlow1.0,283.156,188.62
31,personFlow1.1,272.768,188.6
31,personFlow1.2,266.84,181.999
31,personFlow1.3,266.84,168.451
31.05,personFlow1.0,283.218,188.62
31.05,personFlow1.1,272.836,188.6
31.05,personFlow1.2,266.84,182.06
31.05,personFlow1.3,266.84,168.516
31.1,personFlow1.0,283.279,188.62
31.1,personFlow1.1,272.908,188.601
31.1,personFlow1.2,266.84,182.121
31.1,personFlow1.3,266.84,168.58
31.15,personFlow1.0,283.336,188.62
31.15,personFlow1.1,272.975,188.601
31.15,personFlow1.2,266.84,182.189
31.15,personFlow1.3,266.84,168.645
31.2,personFlow1.0,283.518,188.584
31.2,personFlow1.1,273.036,188.601
31.2,personFlow1.2,266.84,182.25
31.2,personFlow1.3,266.84,168.713
31.25,personFlow1.0,283.569,188.551
31.25,personFlow1.1,273.107,188.601
31.25,personFlow1.2,266.84,182.315
31.25,personFlow1.3,266.84,168.779
31.3,personFlow1.0,283.623,188.515
31.3,personFlow1.1,273.176,188.601
31.3,personFlow1.2,266.84,182.381
31.3,personFlow1.3,266.84,168.842
31.35,personFlow1.0,283.682,188.478
31.35,personFlow1.1,273.25,188.601
31.35,personFlow1.2,266.84,182.443
31.35,personFlow1.3,266.84,168.906
31.4,personFlow1.0,283.74,188.44
31.4,personFlow1.1,273.323,188.601
31.4,personFlow1.2,266.84,182.517
31.4,personFlow1.3,266.84,168.968
31.45,personFlow1.0,283.792,188.407
31.45,personFlow1.1,273.392,188.602
31.45,personFlow1.2,266.84,182.581
31.45,personFlow1.3,266.84,169.033
31.5,personFlow1.0,283.849,188.37
31.5,personFlow1.1,273.463,188.602
31.5,personFlow1.2,266.84,182.642
31.5,personFlow1.3,266.84,169.099
31.55,personFlow1.0,283.902,188.335
31.55,personFlow1.1,273.529,188.602
31.55,personFlow1.2,266.84,182.712
31.55,personFlow1.3,266.84,169.16
31.6,personFlow1.0,283.96,188.297
31.6,personFlow1.1,273.605,188.602
31.6,personFlow1.2,266.84,182.774
31.6,personFlow1.3,266.84,169.226
31.65,personFlow1.0,284.013,188.263
31.65,personFlow1.1,273.667,188.602
31.65,personFlow1.2,266.84,182.849
31.65,personFlow1.3,266.84,169.288
31.7,personFlow1.0,284.066,188.229
31.7,personFlow1.1,273.735,188.602
31.7,personFlow1.2,266.84,182.911
31.7,personFlow1.3,266.84,169.349
31.75,personFlow1.0,284.116,188.197
31.75,personFlow1.1,273.805,188.602
31.75,personFlow1.2,266.84,182.973
31.75,personFlow1.3,266.84,169.41
31.8,personFlow1.0,284.167,188.164
31.8,personFlow1.1,273.866,188.602
31.8,personFlow1.2,266.84,183.045
31.8,personFlow1.3,266.84,169.48
31.85,personFlow1.0,284.225,188.126
31.85,personFlow1.1,273.94,188.603
31.85,personFlow1.2,266.84,183.113
31.85,personFlow1.3,266.84,169.543
31.9,personFlow1.0,284.278,188.092
31.9,personFlow1.1,274.005,188.603
31.9,personFlow1.2,266.84,183.185
31.9,personFlow1.3,266.84,169.613
31.95,personFlow1.0,284.331,188.058
31.95,personFlow1.1,274.075,188.603
31.95,personFlow1.2,266.84,183.252
31.95,personFlow1.3,266.84,169.676
32,personFlow1.0,284.385,188.023
32,personFlow1.1,274.146,188.603
32,personFlow1.2,266.84,183.317
32,personFlow1.3,266.84,169.744
32.05,personFlow1.0,284.44,187.987
32.05,personFlow1.1,274.218,188.603
32.05,personFlow1.2,266.84,183.387
32.05,personFlow1.3,266.84,169.805
32.1,personFlow1.0,284.493,187.953
32.1,personFlow1.1,274.29,188.603
32.1,personFlow1.2,266.855,183.52
32.1,personFlow1.3,266.84,169.876
32.15,personFlow1.0,284.551,187.915
32.15,personFlow1.1,274.364,188.603
32.15,personFlow1.2,266.874,183.582
32.15,personFlow1.3,266.84,169.935
32.2,personFlow1.0,284.601,187.882
32.2,personFlow1.1,274.436,188.603
32.2,personFlow1.2,266.893,183.646
32.2,personFlow1.3,266.84,169.998
32.25,personFlow1.0,284.657,187.846
32.25,personFlow1.1,274.502,188.604
32.25,personFlow1.2,266.914,183.716
32.25,personFlow1.3,266.84,170.069
32.3,personFlow1.0,284.714,187.809
32.3,personFlow1.1,274.564,188.604
32.3,personFlow1.2,266.934,183.782
32.3,personFlow1.3,266.84,170.139
32.35,personFlow1.0,284.768,187.775
32.35,personFlow1.1,274.639,188.604
32.35,personFlow1.2,266.94,183.786
32.35,personFlow1.3,266.84,170.207
32.4,personFlow1.0,284.819,187.741
32.4,personFlow1.1,274.714,188.604
32.4,personFlow1.2,266.94,183.848
32.4,personFlow1.3,266.84,170.275
32.45,personFlow1.0,284.871,187.708
32.45,personFlow1.1,274.783,188.604
32.45,personFlow1.2,266.94,183.916
32.45,personFlow1.3,266.84,170.345
32.5,personFlow1.0,284.927,187.671
32.5,personFlow1.1,274.858,188.604
32.5,personFlow1.2,266.94,183.977
32.5,personFlow1.3,266.84,170.409
32.55,personFlow1.0,284.977,187.639
32.55,personFlow1.1,274.933,188.604
32.55,personFlow1.2,266.94,184.051
32.55,personFlow1.3,266.84,170.476
32.6,personFlow1.0,285.027,187.607
32.6,personFlow1.1,275.007,188.605
32.6,personFlow1.2,266.94,184.118
32.6,personFlow1.3,266.84,170.543
32.65,personFlow1.0,285.085,187.57
32.65,personFlow1.1,275.07,188.605
32.65,personFlow1.2,266.94,184.19
32.65,personFlow1.3,266.84,170.615
32.7,personFlow1.1,275.142,188.605
32.7,personFlow1.2,266.94,184.261
32.7,personFlow1.3,266.84,170.677
32.75,personFlow1.1,275.215,188.605
32.75,personFlow1.2,266.94,184.33
32.75,personFlow1.3,266.84,170.74
32.8,personFlow1.1,275.276,188.605
32.8,personFlow1.2,266.94,184.402
32.8,personFlow1.3,266.84,170.801
32.85,personFlow1.1,275.342,188.605
32.85,personFlow1.2,266.94,184.463
32.85,personFlow1.3,266.84,170.872
32.9,personFlow1.1,275.407,188.605
32.9,personFlow1.2,266.94,184.537
32.9,personFlow1.3,266.84,170.934
32.95,personFlow1.1,275.473,188.605
32.95,personFlow1.2,266.94,184.602
32.95,personFlow1.3,266.84,170.998
33,personFlow1.1,275.535,188.605
33,personFlow1.2,266.94,184.667
33,personFlow1.3,266.84,171.067
33.05,personFlow1.1,275.602,188.606
33.05,personFlow1.2,266.94,184.728
33.05,personFlow1.3,266.84,171.135
33.1,personFlow1.1,275.667,188.606
33.1,personFlow1.2,266.94,184.789
33.1,personFlow1.3,266.84,171.204
33.15,personFlow1.1,275.734,188.606
33.15,personFlow1.2,266.94,184.849
33.15,personFlow1.3,266.84,171.267
33.2,personFlow1.1,275.807,188.606
33.2,personFlow1.2,266.94,184.921
33.2,personFlow1.3,266.84,171.332
33.25,personFlow1.1,275.873,188.606
33.25,personFlow1.2,266.94,184.989
33.25,personFlow1.3,266.84,171.391
33.3,personFlow1.1,275.937,188.606
33.3,personFlow1.2,266.94,185.058
33.3,personFlow1.3,266.84,171.457
33.35,personFlow1.1,276.009,188.606
33.35,personFlow1.2,266.94,185.129
33.35,personFlow1.3,266.84,171.515
33.4,personFlow1.1,276.083,188.606
33.4,personFlow1.2,266.94,185.2
33.4,personFlow1.3,266.84,171.579
33.45,personFlow1.1,276.155,188.607
33.45,personFlow1.2,266.94,185.272
33.45,personFlow1.3,266.84,171.637
33.5,personFlow1.1,276.216,188.607
33.5,personFlow1.2,266.94,185.339
33.5,personFlow1.3,266.84,171.697
33.55,personFlow1.1,276.281,188.607
33.55,personFlow1.2,266.94,185.41
33.55,personFlow1.3,266.84,171.758
33.6,personFlow1.1,276.342,188.607
33.6,personFlow1.2,266.94,185.476
33.6,personFlow1.3,266.84,171.822
33.65,personFlow1.1,276.414,188.607
33.65,personFlow1.2,266.94,185.546
33.65,personFlow1.3,266.84,171.891
33.7,personFlow1.1,276.488,188.607
33.7,personFlow1.2,266.94,185.608
33.7,personFlow1.3,266.84,171.949
33.75,personFlow1.1,276.558,188.607
33.75,personFlow1.2,266.94,185.683
33.75,personFlow1.3,266.84,172.017
33.8,personFlow1.1,276.625,188.607
33.8,personFlow1.2,266.94,185.754
33.8,personFlow1.3,266.84,172.077
33.85,personFlow1.1,276.698,188.608
33.85,personFlow1.2,266.94,185.815
33.85,personFlow1.3,266.84,172.136
33.9,personFlow1.1,276.768,188.608
33.9,personFlow1.2,266.94,185.89
33.9,personFlow1.3,266.84,172.207
33.95,personFlow1.1,276.836,188.608
33.95,personFlow1.2,266.94,185.958
33.95,personFlow1.3,266.84,172.278
34,personFlow1.1,276.898,188.608
34,personFlow1.2,266.94,186.032
34,personFlow1.3,266.84,172.348
34.05,personFlow1.1,276.969,188.608
34.05,personFlow1.2,266.94,186.103
34.05,personFlow1.3,266.84,172.412
34.1,personFlow1.1,277.041,188.608
34.1,personFlow1.2,266.94,186.178
34.1,personFlow1.3,266.84,172.479
34.15,personFlow1.1,277.108,188.608
34.15,personFlow1.2,266.94,186.251
34.15,personFlow1.3,266.84,172.549
34.2,personFlow1.1,277.175,188.609
34.2,personFlow1.2,266.94,186.322
34.2,personFlow1.3,266.84,172.617
34.25,personFlow1.1,277.241,188.609
34.25,personFlow1.2,266.94,186.393
34.25,personFlow1.3,266.84,172.679
34.3,personFlow1.1,277.314,188.609
34.3,personFlow1.2,266.94,186.46
34.3,personFlow1.3,266.84,172.743
34.35,personFlow1.1,277.386,188.609
34.35,personFlow1.2,266.94,186.527
34.35,personFlow1.3,266.84,172.81
34.4,personFlow1.1,277.449,188.609
34.4,personFlow1.2,266.94,186.59
34.4,personFlow1.3,266.84,172.868
34.45,personFlow1.1,277.523,188.609
34.45,personFlow1.2,266.94,186.663
34.45,personFlow1.3,266.84,172.931
34.5,personFlow1.1,277.598,188.609
34.5,personFlow1.2,266.94,186.735
34.5,personFlow1.3,266.84,172.996
34.55,personFlow1.1,277.673,188.609
34.55,personFlow1.2,266.94,186.802
34.55,personFlow1.3,266.84,173.055
34.6,personFlow1.1,277.735,188.61
34.6,personFlow1.2,266.94,186.868
34.6,personFlow1.3,266.84,173.122
34.65,personFlow1.1,277.81,188.61
34.65,personFlow1.2,266.94,186.942
34.65,personFlow1.3,266.84,173.186
34.7,personFlow1.1,277.883,188.61
34.7,personFlow1.2,266.94,187.014
34.7,personFlow1.3,266.84,173.255
34.75,personFlow1.1,277.944,188.61
34.75,personFlow1.2,266.94,187.084
34.75,personFlow1.3,266.84,173.314
34.8,personFlow1.1,278.014,188.61
34.8,personFlow1.2,266.94,187.145
34.8,personFlow1.3,266.84,173.384
34.85,personFlow1.1,278.085,188.61
34.85,personFlow1.2,266.94,187.219
34.85,personFlow1.3,266.84,173.446
34.9,personFlow1.1,278.157,188.61
34.9,personFlow1.2,266.94,187.28
34.9,personFlow1.3,266.84,173.517
34.95,personFlow1.1,278.222,188.61
34.95,personFlow1.2,266.94,187.341
34.95,personFlow1.3,266.84,173.581
35,personFlow1.1,278.293,188.611
35,personFlow1.2,266.94,187.407
35,personFlow1.3,266.84,173.645
35.05,personFlow1.1,278.359,188.611
35.05,personFlow1.2,266.94,187.473
35.05,personFlow1.3,266.84,173.711
35.1,personFlow1.1,278.423,188.611
35.1,personFlow1.2,266.94,187.548
35.1,personFlow1.3,266.84,173.778
35.15,personFlow1.1,278.491,188.611
35.15,personFlow1.2,266.94,187.611
35.15,personFlow1.3,266.84,173.848
35.2,personFlow1.1,278.56,188.611
35.2,personFlow1.2,266.94,187.678
35.2,personFlow1.3,266.84,173.906
35.25,personFlow1.1,278.633,188.611
35.25,personFlow1.2,266.94,187.74
35.25,personFlow1.3,266.84,173.967
35.3,personFlow1.1,278.706,188.611
35.3,personFlow1.2,266.94,187.814
35.3,personFlow1.3,266.84,174.025
35.35,personFlow1.1,278.77,188.611
35.35,personFlow1.2,266.94,187.88
35.35,personFlow1.3,266.84,174.09
35.4,personFlow1.1,278.84,188.612
35.4,personFlow1.2,266.94,187.952
35.4,personFlow1.3,266.84,174.154
35.45,personFlow1.1,278.908,188.612
35.45,personFlow1.2,266.94,188.019
35.45,personFlow1.3,266.84,174.22
35.5,personFlow1.1,278.978,188.612
35.5,personFlow1.2,266.94,188.089
35.5,personFlow1.3,266.84,174.29
35.55,personFlow1.1,279.043,188.612
35.55,personFlow1.2,267.187,188.313
35.55,personFlow1.3,266.84,174.36
35.6,personFlow1.1,279.104,188.612
35.6,personFlow1.2,267.251,188.317
35.6,personFlow1.3,266.84,174.42
35.65,personFlow1.1,279.172,188.612
35.65,personFlow1.2,267.323,188.321
35.65,personFlow1.3,266.84,174.486
35.7,personFlow1.1,279.234,188.612
35.7,personFlow1.2,267.397,188.326
35.7,personFlow1.3,266.84,174.551
35.75,personFlow1.1,279.302,188.612
35.75,personFlow1.2,267.462,188.33
35.75,personFlow1.3,266.84,174.62
35.8,personFlow1.1,279.374,188.613
35.8,personFlow1.2,267.535,188.334
35.8,personFlow1.3,266.84,174.689
35.85,personFlow1.1,279.447,188.613
35.85,personFlow1.2,267.604,188.338
35.85,personFlow1.3,266.84,174.755
35.9,personFlow1.1,279.514,188.613
35.9,personFlow1.2,267.667,188.342
35.9,personFlow1.3,266.84,174.826
35.95,personFlow1.1,279.586,188.613
35.95,personFlow1.2,267.728,188.346
35.95,personFlow1.3,266.84,174.886
36,personFlow1.1,279.659,188.613
36,personFlow1.2,267.791,188.35
36,personFlow1.3,266.84,174.948
36.05,personFlow1.1,279.722,188.613
36.05,personFlow1.2,267.858,188.354
36.05,personFlow1.3,266.84,175.011
36.1,personFlow1.1,279.783,188.613
36.1,personFlow1.2,267.927,188.358
36.1,personFlow1.3,266.84,175.069
36.15,personFlow1.1,279.854,188.613
36.15,personFlow1.2,267.991,188.362
36.15,personFlow1.3,266.84,175.14
36.2,personFlow1.1,279.92,188.614
36.2,personFlow1.2,268.064,188.367
36.2,personFlow1.3,266.84,175.202
36.25,personFlow1.1,279.988,188.614
36.25,personFlow1.2,268.133,188.371
36.25,personFlow1.3,266.84,175.259
36.3,personFlow1.1,280.054,188.614
36.3,personFlow1.2,268.204,188.376
36.3,personFlow1.3,266.84,175.319
36.35,personFlow1.1,280.123,188.614
36.35,personFlow1.2,268.273,188.38
36.35,personFlow1.3,266.84,175.376
36.4,personFlow1.1,280.19,188.614
36.4,personFlow1.2,268.342,188.384
36.4,personFlow1.3,266.84,175.439
36.45,personFlow1.1,280.255,188.614
36.45,personFlow1.2,268.405,188.388
36.45,personFlow1.3,266.84,175.496
36.5,personFlow1.1,280.316,188.614
36.5,personFlow1.2,268.479,188.393
36.5,personFlow1.3,266.84,175.559
36.55,personFlow1.1,280.39,188.614
36.55,personFlow1.2,268.545,188.397
36.55,personFlow1.3,266.84,175.621
36.6,personFlow1.1,280.455,188.615
36.6,personFlow1.2,268.607,188.4
36.6,personFlow1.3,266.84,175.682
36.65,personFlow1.1,280.522,188.615
36.65,personFlow1.2,268.669,188.404
36.65,personFlow1.3,266.84,175.749
36.7,personFlow1.1,280.592,188.615
36.7,personFlow1.2,268.733,188.408
36.7,personFlow1.3,266.84,175.819
